﻿<?xml version="1.0" encoding="utf-8"?><QTIQuestionBankFolder><_questionReferences><item><_question><_questionId>4b13bb30-2a7f-4866-98eb-3d48c36e0856</_questionId><_type><![CDATA[CLL.S3.Angel.QTI.EssayQuestion]]></_type><_title /><_questionText><![CDATA[&lt;div&gt;How many fast breeder reactors have been developed to date?&lt;/div&gt;&lt;div&gt;&lt;/div&gt;]]></_questionText><_qtiXml><![CDATA[&lt;assessmentItem identifier=&quot;&quot; title=&quot;&quot;&gt;&lt;responseDeclaration identifier=&quot;RESPONSE&quot; baseType=&quot;identifier&quot; cardinality=&quot;single&quot;&gt;&lt;correctResponse /&gt;&lt;/responseDeclaration&gt;&lt;outcomeDeclaration identifier=&quot;SCORE&quot; baseType=&quot;float&quot; cardinality=&quot;single&quot;&gt;&lt;defaultValue&gt;&lt;value&gt;0&lt;/value&gt;&lt;/defaultValue&gt;&lt;/outcomeDeclaration&gt;&lt;itemBody&gt;&lt;![CDATA[&lt;div&gt;How many fast breeder reactors have been developed to date?&lt;/div&gt;]]&gt;&lt;extendedTextInteraction responseIdentifier=&quot;RESPONSE&quot; /&gt;&lt;![CDATA[&lt;div&gt;&lt;/div&gt;]]&gt;&lt;/itemBody&gt;&lt;outcomeDeclaration identifier=&quot;GENERAL_FEEDBACK&quot; baseType=&quot;identifier&quot; cardinality=&quot;single&quot; /&gt;&lt;/assessmentItem&gt;]]></_qtiXml><_metadata /><_neverScramble>False</_neverScramble><_imageUrl /><_defaultPointValue>0.0000000000</_defaultPointValue><_previewRendering /><_originalCourseContainerId>b8618af6-3678-48fd-b1c8-3f543cb1b6e2</_originalCourseContainerId><_deleted>False</_deleted><_contentHash /><_sourceHash><![CDATA[T7PHTtvK2HPTE0Ff8KS5Q6saxHdl89vHrs+O/iyHudQ=]]></_sourceHash><_author><![CDATA[mss32]]></_author><_creationTime>2011-09-26T13:57:32</_creationTime><_lastModifiedBy><![CDATA[mss32]]></_lastModifiedBy><_lastModifiedTime>2015-05-04T15:52:57</_lastModifiedTime><_deliveryCount /><_deliveryCountResetDate /><_customScoring>True</_customScoring><_originalQuestionId /><_parentQuestionId /><_isSurveyQuestion /><_resources /><_pointsPossible /><_angelImportProcessed>False</_angelImportProcessed><_editedFromCourseContainerId /><_isEditRegrade>False</_isEditRegrade><_editedFromQuestionBankFolderId /><_editedFromQuestionSetReferenceId /><_updateAllInstances>False</_updateAllInstances><_poolQuestion /><_questionSettings /><_questionPrompt /></_question><_questionKeywords /><_difficulties /><_qbFolderId>c2f282e5-88d1-44a4-b0fb-80a96d923e5d</_qbFolderId><_questionId>4b13bb30-2a7f-4866-98eb-3d48c36e0856</_questionId><_qbFolderQuestionReferenceId>04adafb5-c87c-4173-b62e-375c7224ca2b</_qbFolderQuestionReferenceId><_sequence>1</_sequence><_computedDifficuty /><_discrimination /><_useLatestRevision>True</_useLatestRevision><_pointValue>10.0000000000</_pointValue><_fieldId /><_rubricId /><_isDisplayBeforeSubmission>False</_isDisplayBeforeSubmission><_isDisplayScoreAfterSubmission>False</_isDisplayScoreAfterSubmission></item><item><_question><_questionId>23401f72-0dce-40e3-85f5-531dea2b27e0</_questionId><_type><![CDATA[CLL.S3.Angel.QTI.EssayQuestion]]></_type><_title /><_questionText><![CDATA[&lt;div&gt;Give the two major design differences between VVERs and PWRs.&lt;/div&gt;&lt;div&gt;&lt;/div&gt;]]></_questionText><_qtiXml><![CDATA[&lt;assessmentItem identifier=&quot;&quot; title=&quot;&quot;&gt;&lt;responseDeclaration identifier=&quot;RESPONSE&quot; baseType=&quot;identifier&quot; cardinality=&quot;single&quot;&gt;&lt;correctResponse /&gt;&lt;/responseDeclaration&gt;&lt;outcomeDeclaration identifier=&quot;SCORE&quot; baseType=&quot;float&quot; cardinality=&quot;single&quot;&gt;&lt;defaultValue&gt;&lt;value&gt;0&lt;/value&gt;&lt;/defaultValue&gt;&lt;/outcomeDeclaration&gt;&lt;itemBody&gt;&lt;![CDATA[&lt;div&gt;Give the two major design differences between VVERs and PWRs.&lt;/div&gt;]]&gt;&lt;extendedTextInteraction responseIdentifier=&quot;RESPONSE&quot; /&gt;&lt;![CDATA[&lt;div&gt;&lt;/div&gt;]]&gt;&lt;/itemBody&gt;&lt;outcomeDeclaration identifier=&quot;GENERAL_FEEDBACK&quot; baseType=&quot;identifier&quot; cardinality=&quot;single&quot; /&gt;&lt;/assessmentItem&gt;]]></_qtiXml><_metadata /><_neverScramble>False</_neverScramble><_imageUrl /><_defaultPointValue>0.0000000000</_defaultPointValue><_previewRendering /><_originalCourseContainerId>b8618af6-3678-48fd-b1c8-3f543cb1b6e2</_originalCourseContainerId><_deleted>False</_deleted><_contentHash /><_sourceHash><![CDATA[csmL7DqfeBbsW2GHL+JBT8KeRKTwP3GEIhDCPl3JePI=]]></_sourceHash><_author><![CDATA[mss32]]></_author><_creationTime>2011-09-26T13:57:00</_creationTime><_lastModifiedBy><![CDATA[mss32]]></_lastModifiedBy><_lastModifiedTime>2015-05-04T15:52:57</_lastModifiedTime><_deliveryCount /><_deliveryCountResetDate /><_customScoring>True</_customScoring><_originalQuestionId /><_parentQuestionId /><_isSurveyQuestion /><_resources /><_pointsPossible /><_angelImportProcessed>False</_angelImportProcessed><_editedFromCourseContainerId /><_isEditRegrade>False</_isEditRegrade><_editedFromQuestionBankFolderId /><_editedFromQuestionSetReferenceId /><_updateAllInstances>False</_updateAllInstances><_poolQuestion /><_questionSettings /><_questionPrompt /></_question><_questionKeywords /><_difficulties /><_qbFolderId>c2f282e5-88d1-44a4-b0fb-80a96d923e5d</_qbFolderId><_questionId>23401f72-0dce-40e3-85f5-531dea2b27e0</_questionId><_qbFolderQuestionReferenceId>f3817023-5c5b-4e97-a602-e5f700862773</_qbFolderQuestionReferenceId><_sequence>2</_sequence><_computedDifficuty /><_discrimination /><_useLatestRevision>True</_useLatestRevision><_pointValue>10.0000000000</_pointValue><_fieldId /><_rubricId /><_isDisplayBeforeSubmission>False</_isDisplayBeforeSubmission><_isDisplayScoreAfterSubmission>False</_isDisplayScoreAfterSubmission></item></_questionReferences><_treeNodes><item><expanded>False</expanded><displayText /><iconURL /><isChecked>False</isChecked><_id>c2f282e5-88d1-44a4-b0fb-80a96d923e5d</_id><_ancestorId>8802d09a-5853-4db6-a6a3-97bb3f267f7a</_ancestorId><_parentId>aef15a90-89b9-45cb-a007-a6dd4995cb5e</_parentId><_sequence>8</_sequence></item><item><expanded>False</expanded><displayText /><iconURL /><isChecked>False</isChecked><_id>c2f282e5-88d1-44a4-b0fb-80a96d923e5d</_id><_ancestorId>aef15a90-89b9-45cb-a007-a6dd4995cb5e</_ancestorId><_parentId>aef15a90-89b9-45cb-a007-a6dd4995cb5e</_parentId><_sequence>8</_sequence></item></_treeNodes><_questions /><_qbFolderId>c2f282e5-88d1-44a4-b0fb-80a96d923e5d</_qbFolderId><_courseContainerId>8802d09a-5853-4db6-a6a3-97bb3f267f7a</_courseContainerId><_title><![CDATA[Q9]]></_title><_migratedQuestionsFolder>False</_migratedQuestionsFolder></QTIQuestionBankFolder>