﻿<?xml version="1.0" encoding="utf-8"?><QTIQuestionBankFolder><_questionReferences><item><_question><_questionId>8ed0966b-c8c7-4a85-93f9-5af4ca514ee2</_questionId><_type><![CDATA[CLL.S3.Angel.QTI.FillInTheBlanksQuestion]]></_type><_title /><_questionText><![CDATA[&lt;div&gt;Fill in blank 1 and blank 2 boxes&lt;/div&gt;&lt;div&gt;&lt;/div&gt;]]></_questionText><_qtiXml><![CDATA[&lt;assessmentItem identifier=&quot;&quot; title=&quot;&quot;&gt;&lt;outcomeDeclaration identifier=&quot;SCORE&quot; baseType=&quot;float&quot; cardinality=&quot;single&quot;&gt;&lt;defaultValue&gt;&lt;value&gt;0&lt;/value&gt;&lt;/defaultValue&gt;&lt;/outcomeDeclaration&gt;&lt;itemBody&gt;&lt;![CDATA[&lt;div&gt;Fill in blank 1 and blank 2 boxes&lt;/div&gt;]]&gt;&lt;![CDATA[&lt;div&gt;&lt;/div&gt;]]&gt;&lt;/itemBody&gt;&lt;responseProcessing&gt;&lt;responseCondition&gt;&lt;responseIf&gt;&lt;lt&gt;&lt;variable identifier=&quot;SCORE&quot; /&gt;&lt;baseValue baseType=&quot;float&quot;&gt;0&lt;/baseValue&gt;&lt;/lt&gt;&lt;setOutcomeValue identifier=&quot;SCORE&quot;&gt;&lt;baseValue baseType=&quot;float&quot;&gt;0&lt;/baseValue&gt;&lt;/setOutcomeValue&gt;&lt;/responseIf&gt;&lt;responseElseIf&gt;&lt;gt&gt;&lt;variable identifier=&quot;SCORE&quot; /&gt;&lt;baseValue baseType=&quot;float&quot;&gt;1&lt;/baseValue&gt;&lt;/gt&gt;&lt;setOutcomeValue identifier=&quot;SCORE&quot;&gt;&lt;baseValue baseType=&quot;float&quot;&gt;1&lt;/baseValue&gt;&lt;/setOutcomeValue&gt;&lt;/responseElseIf&gt;&lt;/responseCondition&gt;&lt;/responseProcessing&gt;&lt;/assessmentItem&gt;]]></_qtiXml><_metadata><![CDATA[&lt;serialization&gt;&lt;assemblies&gt;&lt;assembly id=&quot;506_1&quot; name=&quot;CLL.S3.Angel&quot; /&gt;&lt;assembly id=&quot;506_2&quot; name=&quot;mscorlib&quot; /&gt;&lt;/assemblies&gt;&lt;serializedClass originalType=&quot;CLL.S3.Angel.QTI.FIB_ResponseProcessingData,506_1&quot;&gt;&lt;field name=&quot;_inputBoxes&quot; id=&quot;506_3&quot;&gt;&lt;referenceType originalType=&quot;System.Collections.Generic.List`1[CLL.S3.Angel.QTI.FillInTheBlankInputBox,506_1],506_2&quot;&gt;&lt;field name=&quot;_items&quot; id=&quot;506_4&quot;&gt;&lt;arrayType dimensions=&quot;2&quot; originalType=&quot;CLL.S3.Angel.QTI.FillInTheBlankInputBox[],506_1&quot; /&gt;&lt;/field&gt;&lt;field name=&quot;_size&quot;&gt;&lt;valueType value=&quot;0&quot; originalType=&quot;System.Int32,506_2&quot; /&gt;&lt;/field&gt;&lt;field name=&quot;_version&quot;&gt;&lt;valueType value=&quot;0&quot; originalType=&quot;System.Int32,506_2&quot; /&gt;&lt;/field&gt;&lt;field name=&quot;_emptyArray&quot; id=&quot;506_5&quot;&gt;&lt;arrayType dimensions=&quot;0&quot; originalType=&quot;CLL.S3.Angel.QTI.FillInTheBlankInputBox[],506_1&quot; /&gt;&lt;/field&gt;&lt;/referenceType&gt;&lt;/field&gt;&lt;field name=&quot;_blankCount&quot;&gt;&lt;valueType value=&quot;0&quot; originalType=&quot;System.Int32,506_2&quot; /&gt;&lt;/field&gt;&lt;field name=&quot;_shared&quot;&gt;&lt;valueType value=&quot;False&quot; originalType=&quot;System.Boolean,506_2&quot; /&gt;&lt;/field&gt;&lt;field name=&quot;_correctAnswers&quot; id=&quot;506_6&quot;&gt;&lt;referenceType originalType=&quot;System.Collections.Generic.List`1[System.String,506_2],506_2&quot;&gt;&lt;field name=&quot;_items&quot; id=&quot;506_7&quot;&gt;&lt;arrayType dimensions=&quot;0&quot; originalType=&quot;System.String[],506_2&quot; /&gt;&lt;/field&gt;&lt;field name=&quot;_size&quot;&gt;&lt;valueType value=&quot;0&quot; originalType=&quot;System.Int32,506_2&quot; /&gt;&lt;/field&gt;&lt;field name=&quot;_version&quot;&gt;&lt;valueType value=&quot;0&quot; originalType=&quot;System.Int32,506_2&quot; /&gt;&lt;/field&gt;&lt;field name=&quot;_emptyArray&quot; id=&quot;506_7&quot; /&gt;&lt;/referenceType&gt;&lt;/field&gt;&lt;field name=&quot;_header&quot;&gt;&lt;valueType originalType=&quot;System.String,506_2&quot;&gt;&amp;lt;div&amp;gt;Fill in blank 1 and blank 2 boxes&amp;lt;/div&amp;gt;&lt;/valueType&gt;&lt;/field&gt;&lt;field name=&quot;_footer&quot;&gt;&lt;valueType originalType=&quot;System.String,506_2&quot;&gt;&amp;lt;div&amp;gt;&amp;lt;/div&amp;gt;&lt;/valueType&gt;&lt;/field&gt;&lt;/serializedClass&gt;&lt;/serialization&gt;]]></_metadata><_neverScramble>False</_neverScramble><_imageUrl /><_defaultPointValue>0.0000000000</_defaultPointValue><_previewRendering /><_originalCourseContainerId>b8618af6-3678-48fd-b1c8-3f543cb1b6e2</_originalCourseContainerId><_deleted>False</_deleted><_contentHash /><_sourceHash><![CDATA[Pyd16hz7V+W9wIqew+Xi08GYc8XCbG8ZzsEBv3VuYhc=]]></_sourceHash><_author><![CDATA[dlz1]]></_author><_creationTime>2011-09-26T14:29:09</_creationTime><_lastModifiedBy><![CDATA[dlz1]]></_lastModifiedBy><_lastModifiedTime>2011-09-26T14:29:09</_lastModifiedTime><_deliveryCount /><_deliveryCountResetDate /><_customScoring>True</_customScoring><_originalQuestionId /><_parentQuestionId /><_isSurveyQuestion /><_resources /><_pointsPossible /><_angelImportProcessed>False</_angelImportProcessed><_editedFromCourseContainerId /><_isEditRegrade>False</_isEditRegrade><_editedFromQuestionBankFolderId /><_editedFromQuestionSetReferenceId /><_updateAllInstances>False</_updateAllInstances><_poolQuestion /><_questionSettings /><_questionPrompt /></_question><_questionKeywords /><_difficulties /><_qbFolderId>3600c952-29f4-43bd-8472-4aac63d4df83</_qbFolderId><_questionId>8ed0966b-c8c7-4a85-93f9-5af4ca514ee2</_questionId><_qbFolderQuestionReferenceId>3e33f08a-5376-4644-8a01-4d6b9f35237b</_qbFolderQuestionReferenceId><_sequence>0</_sequence><_computedDifficuty /><_discrimination /><_useLatestRevision>True</_useLatestRevision><_pointValue>10.0000000000</_pointValue><_fieldId /><_rubricId /><_isDisplayBeforeSubmission>False</_isDisplayBeforeSubmission><_isDisplayScoreAfterSubmission>False</_isDisplayScoreAfterSubmission></item></_questionReferences><_treeNodes><item><expanded>False</expanded><displayText /><iconURL /><isChecked>False</isChecked><_id>3600c952-29f4-43bd-8472-4aac63d4df83</_id><_ancestorId>8802d09a-5853-4db6-a6a3-97bb3f267f7a</_ancestorId><_parentId>aef15a90-89b9-45cb-a007-a6dd4995cb5e</_parentId><_sequence>10</_sequence></item><item><expanded>False</expanded><displayText /><iconURL /><isChecked>False</isChecked><_id>3600c952-29f4-43bd-8472-4aac63d4df83</_id><_ancestorId>aef15a90-89b9-45cb-a007-a6dd4995cb5e</_ancestorId><_parentId>aef15a90-89b9-45cb-a007-a6dd4995cb5e</_parentId><_sequence>10</_sequence></item></_treeNodes><_questions /><_qbFolderId>3600c952-29f4-43bd-8472-4aac63d4df83</_qbFolderId><_courseContainerId>8802d09a-5853-4db6-a6a3-97bb3f267f7a</_courseContainerId><_title><![CDATA[Q11]]></_title><_migratedQuestionsFolder>False</_migratedQuestionsFolder></QTIQuestionBankFolder>