﻿<?xml version="1.0" encoding="utf-8"?><QTIQuestionBankFolder><_questionReferences><item><_question><_questionId>d090c5b8-6a15-405b-b6fa-7ce03bc2d72a</_questionId><_type><![CDATA[CLL.S3.Angel.QTI.MultipleChoiceQuestion]]></_type><_title><![CDATA[Exams]]></_title><_questionText><![CDATA[&lt;div&gt;Have you reviewed the section(s) of the syllabus that covers exams and understand the course exam details?&lt;/div&gt;&lt;div&gt;&lt;/div&gt;]]></_questionText><_qtiXml><![CDATA[&lt;assessmentItem identifier=&quot;&quot; title=&quot;Exams&quot;&gt;&lt;responseDeclaration identifier=&quot;RESPONSE&quot; baseType=&quot;identifier&quot; cardinality=&quot;single&quot;&gt;&lt;correctResponse&gt;&lt;value&gt;answerChoice1&lt;/value&gt;&lt;/correctResponse&gt;&lt;mapping&gt;&lt;mapEntry mapKey=&quot;answerChoice1&quot; mappedValue=&quot;1&quot; /&gt;&lt;mapEntry mapKey=&quot;answerChoice2&quot; mappedValue=&quot;0&quot; /&gt;&lt;/mapping&gt;&lt;/responseDeclaration&gt;&lt;outcomeDeclaration identifier=&quot;SCORE&quot; baseType=&quot;float&quot; cardinality=&quot;single&quot;&gt;&lt;defaultValue&gt;&lt;value&gt;0&lt;/value&gt;&lt;/defaultValue&gt;&lt;/outcomeDeclaration&gt;&lt;itemBody&gt;&lt;![CDATA[&lt;div&gt;Have you reviewed the section(s) of the syllabus that covers exams and understand the course exam details?&lt;/div&gt;]]&gt;&lt;choiceInteraction responseIdentifier=&quot;RESPONSE&quot; maxChoices=&quot;1&quot; shuffle=&quot;False&quot;&gt;&lt;simpleChoice identifier=&quot;answerChoice1&quot;&gt;Yes&lt;/simpleChoice&gt;&lt;simpleChoice identifier=&quot;answerChoice2&quot;&gt;No&lt;feedbackInline outcomeIdentifier=&quot;FEEDBACK&quot; identifier=&quot;answerChoice2&quot; showHide=&quot;show&quot;&gt;&lt;![CDATA[Please review the syllabus to familiarize yourself.]]&gt;&lt;/feedbackInline&gt;&lt;/simpleChoice&gt;&lt;/choiceInteraction&gt;&lt;![CDATA[&lt;div&gt;&lt;/div&gt;]]&gt;&lt;/itemBody&gt;&lt;outcomeDeclaration identifier=&quot;FEEDBACK&quot; baseType=&quot;identifier&quot; cardinality=&quot;single&quot; /&gt;&lt;outcomeDeclaration identifier=&quot;GENERAL_FEEDBACK&quot; baseType=&quot;identifier&quot; cardinality=&quot;single&quot; /&gt;&lt;responseProcessing&gt;&lt;setOutcomeValue identifier=&quot;FEEDBACK&quot;&gt;&lt;variable identifier=&quot;RESPONSE&quot; /&gt;&lt;/setOutcomeValue&gt;&lt;responseCondition&gt;&lt;responseIf&gt;&lt;isNull&gt;&lt;variable identifier=&quot;RESPONSE&quot; /&gt;&lt;/isNull&gt;&lt;setOutcomeValue identifier=&quot;SCORE&quot;&gt;&lt;baseValue baseType=&quot;integer&quot;&gt;0&lt;/baseValue&gt;&lt;/setOutcomeValue&gt;&lt;/responseIf&gt;&lt;responseElse&gt;&lt;setOutcomeValue identifier=&quot;SCORE&quot;&gt;&lt;mapResponse identifier=&quot;RESPONSE&quot; /&gt;&lt;/setOutcomeValue&gt;&lt;responseCondition&gt;&lt;responseIf&gt;&lt;match&gt;&lt;correct identifier=&quot;RESPONSE&quot; /&gt;&lt;variable identifier=&quot;RESPONSE&quot; /&gt;&lt;/match&gt;&lt;setOutcomeValue identifier=&quot;GENERAL_FEEDBACK&quot;&gt;&lt;baseValue baseType=&quot;identifier&quot;&gt;CORRECT_FEEDBACK&lt;/baseValue&gt;&lt;/setOutcomeValue&gt;&lt;/responseIf&gt;&lt;responseElse&gt;&lt;setOutcomeValue identifier=&quot;GENERAL_FEEDBACK&quot;&gt;&lt;baseValue baseType=&quot;identifier&quot;&gt;INCORRECT_FEEDBACK&lt;/baseValue&gt;&lt;/setOutcomeValue&gt;&lt;/responseElse&gt;&lt;/responseCondition&gt;&lt;/responseElse&gt;&lt;/responseCondition&gt;&lt;/responseProcessing&gt;&lt;/assessmentItem&gt;]]></_qtiXml><_metadata /><_neverScramble>False</_neverScramble><_imageUrl /><_defaultPointValue>0.0000000000</_defaultPointValue><_previewRendering /><_originalCourseContainerId>5acec01c-a13f-40a3-9e75-f0ff5dd5224e</_originalCourseContainerId><_deleted>False</_deleted><_contentHash /><_sourceHash><![CDATA[qJSR+XlZKsrYJkf2Qc8NOFpWhsOU5TPeKbw/sJh3lZA=]]></_sourceHash><_author><![CDATA[mss32]]></_author><_creationTime>2012-04-12T11:12:53</_creationTime><_lastModifiedBy><![CDATA[mss32]]></_lastModifiedBy><_lastModifiedTime>2015-05-12T14:37:38</_lastModifiedTime><_deliveryCount /><_deliveryCountResetDate /><_customScoring>True</_customScoring><_originalQuestionId>51269b82-97c4-4fdb-9281-eacb3bd1cd8e</_originalQuestionId><_parentQuestionId>202fc8df-a9e3-42b6-9599-ad4674c08b33</_parentQuestionId><_isSurveyQuestion /><_resources /><_pointsPossible /><_angelImportProcessed>False</_angelImportProcessed><_editedFromCourseContainerId /><_isEditRegrade>False</_isEditRegrade><_editedFromQuestionBankFolderId /><_editedFromQuestionSetReferenceId /><_updateAllInstances>False</_updateAllInstances><_poolQuestion /><_questionSettings /><_questionPrompt /></_question><_questionKeywords /><_difficulties /><_qbFolderId>1be45534-6627-4651-83fa-8ba0bddcaad5</_qbFolderId><_questionId>d090c5b8-6a15-405b-b6fa-7ce03bc2d72a</_questionId><_qbFolderQuestionReferenceId>d582c2b7-9b04-42e1-b8cc-813f93b03de6</_qbFolderQuestionReferenceId><_sequence>0</_sequence><_computedDifficuty /><_discrimination /><_useLatestRevision>True</_useLatestRevision><_pointValue>1.0000000000</_pointValue><_fieldId /><_rubricId /><_isDisplayBeforeSubmission>False</_isDisplayBeforeSubmission><_isDisplayScoreAfterSubmission>False</_isDisplayScoreAfterSubmission></item></_questionReferences><_treeNodes><item><expanded>False</expanded><displayText /><iconURL /><isChecked>False</isChecked><_id>1be45534-6627-4651-83fa-8ba0bddcaad5</_id><_ancestorId>8802d09a-5853-4db6-a6a3-97bb3f267f7a</_ancestorId><_parentId>3ece0c65-52f5-49b3-9d91-c43c07fc4ad0</_parentId><_sequence>1</_sequence></item><item><expanded>False</expanded><displayText /><iconURL /><isChecked>False</isChecked><_id>1be45534-6627-4651-83fa-8ba0bddcaad5</_id><_ancestorId>3ece0c65-52f5-49b3-9d91-c43c07fc4ad0</_ancestorId><_parentId>3ece0c65-52f5-49b3-9d91-c43c07fc4ad0</_parentId><_sequence>1</_sequence></item></_treeNodes><_questions /><_qbFolderId>1be45534-6627-4651-83fa-8ba0bddcaad5</_qbFolderId><_courseContainerId>8802d09a-5853-4db6-a6a3-97bb3f267f7a</_courseContainerId><_title><![CDATA[Assignments and Exams]]></_title><_migratedQuestionsFolder>False</_migratedQuestionsFolder></QTIQuestionBankFolder>