﻿<?xml version="1.0" encoding="utf-8"?><QTIQuestionBankFolder><_questionReferences /><_treeNodes><item><expanded>False</expanded><displayText /><iconURL /><isChecked>False</isChecked><_id>7f44b355-e302-4dea-ac00-946d438a656d</_id><_ancestorId>4691223c-8046-4b2a-ab7d-1c5668ae2d0e</_ancestorId><_parentId>4691223c-8046-4b2a-ab7d-1c5668ae2d0e</_parentId><_sequence>2</_sequence></item></_treeNodes><_questions /><_qbFolderId>7f44b355-e302-4dea-ac00-946d438a656d</_qbFolderId><_courseContainerId>8802d09a-5853-4db6-a6a3-97bb3f267f7a</_courseContainerId><_title><![CDATA[Engineering Feedback on Teaching Evaluation (EFTE)]]></_title><_migratedQuestionsFolder>False</_migratedQuestionsFolder></QTIQuestionBankFolder>