﻿<?xml version="1.0" encoding="utf-8"?><Gradebook><_gbId>8802d09a-5853-4db6-a6a3-97bb3f267f7a</_gbId><_displayFormat><![CDATA[## (%%)]]></_displayFormat><_includeUngraded>0</_includeUngraded><_limitAssistantsByTeam>0</_limitAssistantsByTeam><_overallAvgId /><_displayAverage>True</_displayAverage><_averageFormat><![CDATA[%%]]></_averageFormat><_formula /><_ispointsmode>False</_ispointsmode><_overallFormat /><_categoryFormat /><_assignmentFormat /><_startPage /><_gradeGridDirection /><_gradeGridFilter /><_gradeGridFormat /><_gradeGridUserFilter /><_gradeGridShowInstructor /><_pageOrientation /><_fontSize /><_isFixedWidth /><_gradeGridTermId /><_gradeGridCategoryId /><_defaultReportId /><_showGradesForDroppedStudents>False</_showGradesForDroppedStudents><_courseId><![CDATA[MRG-141218-143311-MSS32]]></_courseId><_numberOfUsers>-2147483648</_numberOfUsers><_includeUnreleasedInCalculations>False</_includeUnreleasedInCalculations><_categories><item><_catId>f6874ca2-bed8-4d58-8a73-261a1619f6a2</_catId><_gbId>8802d09a-5853-4db6-a6a3-97bb3f267f7a</_gbId><_title><![CDATA[Homework]]></_title><_numMethod>0</_numMethod><_numItems>0</_numItems><_weight>30.0000000000</_weight><_sequence>2</_sequence><_isextracredit>False</_isextracredit><_autocalculate>False</_autocalculate><_displayaverage>False</_displayaverage><_averageformat><![CDATA[]]></_averageformat><_description><![CDATA[]]></_description><_formula><![CDATA[]]></_formula><_overallCourseAverage>-2147483648</_overallCourseAverage></item><item><_catId>d0c8d028-06a4-4edb-8a5c-4f70a7766256</_catId><_gbId>8802d09a-5853-4db6-a6a3-97bb3f267f7a</_gbId><_title><![CDATA[Quizzes]]></_title><_numMethod>0</_numMethod><_numItems>0</_numItems><_weight>10.0000000000</_weight><_sequence>3</_sequence><_isextracredit>False</_isextracredit><_autocalculate>False</_autocalculate><_displayaverage>True</_displayaverage><_averageformat><![CDATA[]]></_averageformat><_description><![CDATA[]]></_description><_formula><![CDATA[]]></_formula><_overallCourseAverage>-2147483648</_overallCourseAverage></item><item><_catId>8f550249-a18c-4876-b096-06440cc8d1a3</_catId><_gbId>8802d09a-5853-4db6-a6a3-97bb3f267f7a</_gbId><_title><![CDATA[Exams]]></_title><_numMethod>0</_numMethod><_numItems>0</_numItems><_weight>40.0000000000</_weight><_sequence>4</_sequence><_isextracredit>False</_isextracredit><_autocalculate>False</_autocalculate><_displayaverage>True</_displayaverage><_averageformat><![CDATA[]]></_averageformat><_description><![CDATA[]]></_description><_formula><![CDATA[]]></_formula><_overallCourseAverage>-2147483648</_overallCourseAverage></item><item><_catId>bbf77dbf-692c-4c8c-ae0b-55d849c0c90b</_catId><_gbId>8802d09a-5853-4db6-a6a3-97bb3f267f7a</_gbId><_title><![CDATA[Project]]></_title><_numMethod>0</_numMethod><_numItems>0</_numItems><_weight>20.0000000000</_weight><_sequence>5</_sequence><_isextracredit>False</_isextracredit><_autocalculate>False</_autocalculate><_displayaverage>True</_displayaverage><_averageformat><![CDATA[]]></_averageformat><_description><![CDATA[]]></_description><_formula><![CDATA[]]></_formula><_overallCourseAverage>-2147483648</_overallCourseAverage></item></_categories><_reports /><_currentReport /></Gradebook>