﻿<?xml version="1.0" encoding="utf-8"?><QTIQuestionBankFolder><_questionReferences /><_treeNodes><item><expanded>False</expanded><displayText /><iconURL /><isChecked>False</isChecked><_id>95ccbabd-5ebd-477b-ad12-ba1442b0e3eb</_id><_ancestorId>4691223c-8046-4b2a-ab7d-1c5668ae2d0e</_ancestorId><_parentId>4691223c-8046-4b2a-ab7d-1c5668ae2d0e</_parentId><_sequence>3</_sequence></item></_treeNodes><_questions /><_qbFolderId>95ccbabd-5ebd-477b-ad12-ba1442b0e3eb</_qbFolderId><_courseContainerId>8802d09a-5853-4db6-a6a3-97bb3f267f7a</_courseContainerId><_title><![CDATA[Mid Semester: Engineering Feedback on Teaching Eva]]></_title><_migratedQuestionsFolder>False</_migratedQuestionsFolder></QTIQuestionBankFolder>