﻿<?xml version="1.0" encoding="utf-8"?><EnvVarsCollection><item><_courseId><![CDATA[MRG-141218-143311-MSS32]]></_courseId><_userId><![CDATA[_GLOBAL]]></_userId><_culture><![CDATA[_GLOBAL]]></_culture><_role><![CDATA[_GLOBAL]]></_role><_institution><![CDATA[_GLOBAL]]></_institution><_varName><![CDATA[CONTENT_DisableRootUtilities]]></_varName><_varType>40</_varType><_id>b79aef1a-adb5-44a5-973b-cb7cb27e8f0d</_id><_varValue><![CDATA[1]]></_varValue><_timeStamp>2014-07-30T15:03:17</_timeStamp></item><item><_courseId><![CDATA[MRG-141218-143311-MSS32]]></_courseId><_userId><![CDATA[_GLOBAL]]></_userId><_culture><![CDATA[_GLOBAL]]></_culture><_role><![CDATA[_GLOBAL]]></_role><_institution><![CDATA[_GLOBAL]]></_institution><_varName><![CDATA[CONTENT_TrackingDefault]]></_varName><_varType>40</_varType><_id>2e49775c-fa53-48e3-b6c7-698bf191796f</_id><_varValue><![CDATA[1]]></_varValue><_timeStamp>2014-07-30T15:03:17</_timeStamp></item><item><_courseId><![CDATA[MRG-141218-143311-MSS32]]></_courseId><_userId><![CDATA[_GLOBAL]]></_userId><_culture><![CDATA[_GLOBAL]]></_culture><_role><![CDATA[_GLOBAL]]></_role><_institution><![CDATA[_GLOBAL]]></_institution><_varName><![CDATA[ENABLE_OBJECTIVES]]></_varName><_varType>40</_varType><_id>1a18acaf-d67a-46c8-a46d-00dff80ee45e</_id><_varValue><![CDATA[0]]></_varValue><_timeStamp>2015-08-12T09:40:29</_timeStamp></item><item><_courseId><![CDATA[MRG-141218-143311-MSS32]]></_courseId><_userId><![CDATA[_GLOBAL]]></_userId><_culture><![CDATA[_GLOBAL]]></_culture><_role><![CDATA[_GLOBAL]]></_role><_institution><![CDATA[_GLOBAL]]></_institution><_varName><![CDATA[ENABLE_STANDARDS]]></_varName><_varType>40</_varType><_id>cfb564f5-6cee-4712-b1e6-de67d4568737</_id><_varValue><![CDATA[0]]></_varValue><_timeStamp>2015-08-12T09:40:29</_timeStamp></item><item><_courseId><![CDATA[MRG-141218-143311-MSS32]]></_courseId><_userId><![CDATA[_GLOBAL]]></_userId><_culture><![CDATA[_GLOBAL]]></_culture><_role><![CDATA[_GLOBAL]]></_role><_institution><![CDATA[_GLOBAL]]></_institution><_varName><![CDATA[EXTERNAL_SYLLABUS]]></_varName><_varType>40</_varType><_id>b20e3926-7832-4f02-a8e5-55731f61e55a</_id><_varValue><![CDATA[URL: https://www.engr.psu.edu/conedmat/courses/nuce497a/nuce497a_syllabus.pdf]]></_varValue><_timeStamp>2011-11-15T08:41:44</_timeStamp></item><item><_courseId><![CDATA[MRG-141218-143311-MSS32]]></_courseId><_userId><![CDATA[_GLOBAL]]></_userId><_culture><![CDATA[_GLOBAL]]></_culture><_role><![CDATA[_GLOBAL]]></_role><_institution><![CDATA[_GLOBAL]]></_institution><_varName><![CDATA[GB_LIMIT_ASSISTANTS_BY_TEAM]]></_varName><_varType>40</_varType><_id>a20bf358-25c9-4289-9e1b-81bec1424e54</_id><_varValue><![CDATA[0]]></_varValue><_timeStamp>2012-04-18T11:25:06</_timeStamp></item><item><_courseId><![CDATA[MRG-141218-143311-MSS32]]></_courseId><_userId><![CDATA[_GLOBAL]]></_userId><_culture><![CDATA[_GLOBAL]]></_culture><_role><![CDATA[_GLOBAL]]></_role><_institution><![CDATA[_GLOBAL]]></_institution><_varName><![CDATA[GRADEBOOK_EXCLUDE_INSTRUCTORS]]></_varName><_varType>40</_varType><_id>a5fd8e40-ea96-4afa-b149-14d1ab175741</_id><_varValue><![CDATA[1]]></_varValue><_timeStamp>2012-04-18T11:25:06</_timeStamp></item><item><_courseId><![CDATA[MRG-141218-143311-MSS32]]></_courseId><_userId><![CDATA[_GLOBAL]]></_userId><_culture><![CDATA[_GLOBAL]]></_culture><_role><![CDATA[_GLOBAL]]></_role><_institution><![CDATA[_GLOBAL]]></_institution><_varName><![CDATA[INSTRUCTOR_EVERYONE_MESSAGES]]></_varName><_varType>40</_varType><_id>16d47779-0ff2-4147-91d6-c9a1dcfede17</_id><_varValue><![CDATA[1]]></_varValue><_timeStamp>2015-08-12T09:40:29</_timeStamp></item><item><_courseId><![CDATA[MRG-141218-143311-MSS32]]></_courseId><_userId><![CDATA[_GLOBAL]]></_userId><_culture><![CDATA[_GLOBAL]]></_culture><_role><![CDATA[_GLOBAL]]></_role><_institution><![CDATA[_GLOBAL]]></_institution><_varName><![CDATA[PSU_ENABLE_METER]]></_varName><_varType>40</_varType><_id>f0692380-5cf0-4f35-9147-73aadf965d24</_id><_varValue><![CDATA[1]]></_varValue><_timeStamp>2013-02-13T17:00:48</_timeStamp></item><item><_courseId><![CDATA[MRG-141218-143311-MSS32]]></_courseId><_userId><![CDATA[_GLOBAL]]></_userId><_culture><![CDATA[_GLOBAL]]></_culture><_role><![CDATA[_GLOBAL]]></_role><_institution><![CDATA[_GLOBAL]]></_institution><_varName><![CDATA[PSU_Master_ID]]></_varName><_varType>40</_varType><_id>a0dad878-d74a-47e6-919d-5229c8450b49</_id><_varValue><![CDATA[201415SPWD___INUC_E497I001]]></_varValue><_timeStamp>2014-12-18T14:34:00</_timeStamp></item><item><_courseId><![CDATA[MRG-141218-143311-MSS32]]></_courseId><_userId><![CDATA[_GLOBAL]]></_userId><_culture><![CDATA[_GLOBAL]]></_culture><_role><![CDATA[_GLOBAL]]></_role><_institution><![CDATA[_GLOBAL]]></_institution><_varName><![CDATA[SIDEBAR]]></_varName><_varType>40</_varType><_id>d8803ccc-f533-4eb0-959d-daaa8281a2ee</_id><_varValue><![CDATA[NONE]]></_varValue><_timeStamp>2014-12-03T13:29:17</_timeStamp></item><item><_courseId><![CDATA[MRG-141218-143311-MSS32]]></_courseId><_userId><![CDATA[_GLOBAL]]></_userId><_culture><![CDATA[_GLOBAL]]></_culture><_role><![CDATA[_GLOBAL]]></_role><_institution><![CDATA[_GLOBAL]]></_institution><_varName><![CDATA[SIS_DRIVEN_ADD_DROP_MESSAGE]]></_varName><_varType>40</_varType><_id>49df69c9-0b73-4f02-9018-0043dba6b3f2</_id><_varValue><![CDATA[1]]></_varValue><_timeStamp>2015-08-12T09:40:29</_timeStamp></item><item><_courseId><![CDATA[MRG-141218-143311-MSS32]]></_courseId><_userId><![CDATA[_GLOBAL]]></_userId><_culture><![CDATA[_GLOBAL]]></_culture><_role><![CDATA[_GLOBAL]]></_role><_institution><![CDATA[_GLOBAL]]></_institution><_varName><![CDATA[TAB_ACCESS_syllabus]]></_varName><_varType>40</_varType><_id>0a0be16a-f73a-4f55-87a3-54b9fd5795e2</_id><_varValue><![CDATA[32]]></_varValue><_timeStamp>2014-12-03T13:29:17</_timeStamp></item><item><_courseId><![CDATA[MRG-141218-143311-MSS32]]></_courseId><_userId><![CDATA[_GLOBAL]]></_userId><_culture><![CDATA[_GLOBAL]]></_culture><_role><![CDATA[_GLOBAL]]></_role><_institution><![CDATA[_GLOBAL]]></_institution><_varName><![CDATA[USER_GROUP_TEAM]]></_varName><_varType>40</_varType><_id>eb2e3a7d-ae55-486d-b937-b24305b02daa</_id><_varValue><![CDATA[1]]></_varValue><_timeStamp>2014-12-18T14:34:00</_timeStamp></item></EnvVarsCollection>