﻿<?xml version="1.0" encoding="utf-8"?><CalendarRecurringCollection><item><_recurId><![CDATA[69DFCFA326E840B98A604B5F95C6DC1F]]></_recurId><_recurBegins>2015-04-14T00:00:00</_recurBegins><_recurEnds>2015-05-01T00:00:00</_recurEnds><_recurType>1</_recurType><_recurBase><![CDATA[]]></_recurBase><_recurInterval>1</_recurInterval><_recurDow>20</_recurDow></item><item><_recurId><![CDATA[B5AEF869B9A14D6EAAA70D8DB70021FD]]></_recurId><_recurBegins>2015-05-08T00:00:00</_recurBegins><_recurEnds>2015-05-10T00:00:00</_recurEnds><_recurType>0</_recurType><_recurBase><![CDATA[y]]></_recurBase><_recurInterval>1</_recurInterval><_recurDow>0</_recurDow></item><item><_recurId><![CDATA[D9E4C560F98449BCAF59DF6C96D45513]]></_recurId><_recurBegins>2015-01-13T00:00:00</_recurBegins><_recurEnds>2015-05-01T00:00:00</_recurEnds><_recurType>1</_recurType><_recurBase /><_recurInterval>1</_recurInterval><_recurDow>20</_recurDow></item><item><_recurId><![CDATA[E833676875EA49D388C1E475AFD68171]]></_recurId><_recurBegins>2015-04-11T00:00:00</_recurBegins><_recurEnds>2015-04-12T00:00:00</_recurEnds><_recurType>0</_recurType><_recurBase><![CDATA[y]]></_recurBase><_recurInterval>1</_recurInterval><_recurDow>0</_recurDow></item><item><_recurId><![CDATA[F1E1044DB9F84E57911872AF362BE169]]></_recurId><_recurBegins>2015-03-09T00:00:00</_recurBegins><_recurEnds>2015-03-13T00:00:00</_recurEnds><_recurType>0</_recurType><_recurBase><![CDATA[y]]></_recurBase><_recurInterval>1</_recurInterval><_recurDow>0</_recurDow></item></CalendarRecurringCollection>