﻿<?xml version="1.0" encoding="utf-8"?><QTIQuestionBankFolder><_questionReferences /><_treeNodes><item><expanded>False</expanded><displayText /><iconURL /><isChecked>False</isChecked><_id>8802d09a-5853-4db6-a6a3-97bb3f267f7a</_id><_ancestorId>00000000-0000-0000-0000-000000000000</_ancestorId><_parentId>00000000-0000-0000-0000-000000000000</_parentId><_sequence>0</_sequence></item></_treeNodes><_questions /><_qbFolderId>8802d09a-5853-4db6-a6a3-97bb3f267f7a</_qbFolderId><_courseContainerId>8802d09a-5853-4db6-a6a3-97bb3f267f7a</_courseContainerId><_title><![CDATA[NUC E 497I (SP 15), MERGE: FUEL PERFORMANCE]]></_title><_migratedQuestionsFolder>False</_migratedQuestionsFolder></QTIQuestionBankFolder>