﻿<?xml version="1.0" encoding="utf-8"?><CalendarCollection><item><_eventId><![CDATA[EFF6C0077D254C1C88666FE17B8B68A5]]></_eventId><_sectionId><![CDATA[MRG-141218-143311-MSS32]]></_sectionId><_userId><![CDATA[Everyone]]></_userId><_title><![CDATA[&lt;b&gt;&lt;font color=orange&gt;Spring Semester&lt;br&gt;Starts!&lt;br&gt;&lt;/font&gt;&lt;/b&gt;]]></_title><_category><![CDATA[Reminder]]></_category><_scheduleDate>2015-01-12T00:00:00</_scheduleDate><_scheduleTime>0</_scheduleTime><_duration>0</_duration><_contact /><_location /><_allowPublic>0</_allowPublic><_password /><_style><![CDATA[NORMAL]]></_style><_sequence>1000</_sequence><_author><![CDATA[mss32]]></_author><_lastModified>2014-09-24T13:25:47</_lastModified><_format><![CDATA[TEXT]]></_format><_recurId /><_altered>0</_altered><_notes /></item><item><_eventId><![CDATA[3BB84B4CBED24DF8B9901A439F3F6E39]]></_eventId><_sectionId><![CDATA[MRG-141218-143311-MSS32]]></_sectionId><_userId><![CDATA[Everyone]]></_userId><_title><![CDATA[&lt;b&gt;&lt;font color =purple&gt;MLK Day&lt;br&gt;No Classes&lt;/font&gt;&lt;/b&gt;]]></_title><_category><![CDATA[Reminder]]></_category><_scheduleDate>2015-01-19T00:00:00</_scheduleDate><_scheduleTime>0</_scheduleTime><_duration>0</_duration><_contact /><_location /><_allowPublic>0</_allowPublic><_password /><_style><![CDATA[NORMAL]]></_style><_sequence>1000</_sequence><_author><![CDATA[mss32]]></_author><_lastModified>2014-09-24T13:26:06</_lastModified><_format><![CDATA[TEXT]]></_format><_recurId /><_altered>0</_altered><_notes /></item><item><_eventId><![CDATA[5E15153306BF4CADA945C14A113AFE1B]]></_eventId><_sectionId><![CDATA[MRG-141218-143311-MSS32]]></_sectionId><_userId><![CDATA[Everyone]]></_userId><_title><![CDATA[&lt;b&gt;&lt;font color=purple&gt;PSU Drop Deadline&lt;/font&gt;&lt;/b&gt;]]></_title><_category><![CDATA[Reminder]]></_category><_scheduleDate>2015-01-21T00:00:00</_scheduleDate><_scheduleTime>0</_scheduleTime><_duration>0</_duration><_contact /><_location /><_allowPublic>0</_allowPublic><_password /><_style><![CDATA[NORMAL]]></_style><_sequence>1000</_sequence><_author><![CDATA[mss32]]></_author><_lastModified>2014-09-24T13:26:17</_lastModified><_format><![CDATA[TEXT]]></_format><_recurId /><_altered>0</_altered><_notes /></item><item><_eventId><![CDATA[F49B9AAEE93A44F1B8787F43280D4FDC]]></_eventId><_sectionId><![CDATA[MRG-141218-143311-MSS32]]></_sectionId><_userId><![CDATA[Everyone]]></_userId><_title><![CDATA[&lt;b&gt;&lt;font color =purple&gt;Spring Break&lt;/font&gt;&lt;/b&gt;]]></_title><_category><![CDATA[Reminder]]></_category><_scheduleDate>2015-03-09T00:00:00</_scheduleDate><_scheduleTime>0</_scheduleTime><_duration>0</_duration><_contact /><_location /><_allowPublic>0</_allowPublic><_password /><_style><![CDATA[NORMAL]]></_style><_sequence>1000</_sequence><_author><![CDATA[mss32]]></_author><_lastModified>2014-09-24T13:26:48</_lastModified><_format><![CDATA[TEXT]]></_format><_recurId><![CDATA[F1E1044DB9F84E57911872AF362BE169]]></_recurId><_altered>0</_altered><_notes /></item><item><_eventId><![CDATA[B3DBC9D42FB64A91A54E2263D2CFE751]]></_eventId><_sectionId><![CDATA[MRG-141218-143311-MSS32]]></_sectionId><_userId><![CDATA[Everyone]]></_userId><_title><![CDATA[&lt;b&gt;&lt;font color =purple&gt;Spring Break&lt;/font&gt;&lt;/b&gt;]]></_title><_category><![CDATA[Reminder]]></_category><_scheduleDate>2015-03-10T00:00:00</_scheduleDate><_scheduleTime>0</_scheduleTime><_duration>0</_duration><_contact /><_location /><_allowPublic>0</_allowPublic><_password /><_style><![CDATA[NORMAL]]></_style><_sequence>1000</_sequence><_author><![CDATA[mss32]]></_author><_lastModified>2014-09-24T13:26:48</_lastModified><_format><![CDATA[TEXT]]></_format><_recurId><![CDATA[F1E1044DB9F84E57911872AF362BE169]]></_recurId><_altered>0</_altered><_notes /></item><item><_eventId><![CDATA[3DADD57A8CBB4CD493729CC948FFDFCE]]></_eventId><_sectionId><![CDATA[MRG-141218-143311-MSS32]]></_sectionId><_userId><![CDATA[Everyone]]></_userId><_title><![CDATA[&lt;b&gt;&lt;font color =purple&gt;Spring Break&lt;/font&gt;&lt;/b&gt;]]></_title><_category><![CDATA[Reminder]]></_category><_scheduleDate>2015-03-11T00:00:00</_scheduleDate><_scheduleTime>0</_scheduleTime><_duration>0</_duration><_contact /><_location /><_allowPublic>0</_allowPublic><_password /><_style><![CDATA[NORMAL]]></_style><_sequence>1000</_sequence><_author><![CDATA[mss32]]></_author><_lastModified>2014-09-24T13:26:48</_lastModified><_format><![CDATA[TEXT]]></_format><_recurId><![CDATA[F1E1044DB9F84E57911872AF362BE169]]></_recurId><_altered>0</_altered><_notes /></item><item><_eventId><![CDATA[38687B1ED4A94A488B444C87986F0F38]]></_eventId><_sectionId><![CDATA[MRG-141218-143311-MSS32]]></_sectionId><_userId><![CDATA[Everyone]]></_userId><_title><![CDATA[&lt;b&gt;&lt;font color =purple&gt;Spring Break&lt;/font&gt;&lt;/b&gt;]]></_title><_category><![CDATA[Reminder]]></_category><_scheduleDate>2015-03-12T00:00:00</_scheduleDate><_scheduleTime>0</_scheduleTime><_duration>0</_duration><_contact /><_location /><_allowPublic>0</_allowPublic><_password /><_style><![CDATA[NORMAL]]></_style><_sequence>1000</_sequence><_author><![CDATA[mss32]]></_author><_lastModified>2014-09-24T13:26:48</_lastModified><_format><![CDATA[TEXT]]></_format><_recurId><![CDATA[F1E1044DB9F84E57911872AF362BE169]]></_recurId><_altered>0</_altered><_notes /></item><item><_eventId><![CDATA[5E6EBFB8796A470BAB57A6EC83B09150]]></_eventId><_sectionId><![CDATA[MRG-141218-143311-MSS32]]></_sectionId><_userId><![CDATA[Everyone]]></_userId><_title><![CDATA[&lt;b&gt;&lt;font color =purple&gt;Spring Break&lt;/font&gt;&lt;/b&gt;]]></_title><_category><![CDATA[Reminder]]></_category><_scheduleDate>2015-03-13T00:00:00</_scheduleDate><_scheduleTime>0</_scheduleTime><_duration>0</_duration><_contact /><_location /><_allowPublic>0</_allowPublic><_password /><_style><![CDATA[NORMAL]]></_style><_sequence>1000</_sequence><_author><![CDATA[mss32]]></_author><_lastModified>2014-09-24T13:26:48</_lastModified><_format><![CDATA[TEXT]]></_format><_recurId><![CDATA[F1E1044DB9F84E57911872AF362BE169]]></_recurId><_altered>0</_altered><_notes /></item><item><_eventId><![CDATA[243D6800B51741E2BBFA5567BDAD5A06]]></_eventId><_sectionId><![CDATA[MRG-141218-143311-MSS32]]></_sectionId><_userId><![CDATA[Everyone]]></_userId><_title><![CDATA[&lt;b&gt;&lt;font color=orange&gt;Spring Classes&lt;br&gt;End!&lt;br&gt;&lt;/font&gt;&lt;/b&gt;]]></_title><_category><![CDATA[Reminder]]></_category><_scheduleDate>2015-05-01T00:00:00</_scheduleDate><_scheduleTime>0</_scheduleTime><_duration>0</_duration><_contact /><_location /><_allowPublic>0</_allowPublic><_password /><_style><![CDATA[NORMAL]]></_style><_sequence>1000</_sequence><_author><![CDATA[mss32]]></_author><_lastModified>2014-09-24T13:27:29</_lastModified><_format><![CDATA[TEXT]]></_format><_recurId /><_altered>0</_altered><_notes /></item><item><_eventId><![CDATA[5A19ECB1A8C847D88FB250A3707CAEFC]]></_eventId><_sectionId><![CDATA[MRG-141218-143311-MSS32]]></_sectionId><_userId><![CDATA[Everyone]]></_userId><_title><![CDATA[&lt;b&gt;&lt;font color=Purple&gt;Commencement&lt;/font&gt;&lt;/b&gt;]]></_title><_category><![CDATA[Reminder]]></_category><_scheduleDate>2015-05-08T00:00:00</_scheduleDate><_scheduleTime>0</_scheduleTime><_duration>0</_duration><_contact /><_location /><_allowPublic>0</_allowPublic><_password /><_style><![CDATA[NORMAL]]></_style><_sequence>1000</_sequence><_author><![CDATA[mss32]]></_author><_lastModified>2014-09-24T13:27:40</_lastModified><_format><![CDATA[TEXT]]></_format><_recurId><![CDATA[B5AEF869B9A14D6EAAA70D8DB70021FD]]></_recurId><_altered>0</_altered><_notes /></item><item><_eventId><![CDATA[F9B1847AAC574C8780F990289065FBB0]]></_eventId><_sectionId><![CDATA[MRG-141218-143311-MSS32]]></_sectionId><_userId><![CDATA[Everyone]]></_userId><_title><![CDATA[&lt;b&gt;&lt;font color=Purple&gt;Commencement&lt;/font&gt;&lt;/b&gt;]]></_title><_category><![CDATA[Reminder]]></_category><_scheduleDate>2015-05-09T00:00:00</_scheduleDate><_scheduleTime>0</_scheduleTime><_duration>0</_duration><_contact /><_location /><_allowPublic>0</_allowPublic><_password /><_style><![CDATA[NORMAL]]></_style><_sequence>1000</_sequence><_author><![CDATA[mss32]]></_author><_lastModified>2014-09-24T13:27:40</_lastModified><_format><![CDATA[TEXT]]></_format><_recurId><![CDATA[B5AEF869B9A14D6EAAA70D8DB70021FD]]></_recurId><_altered>0</_altered><_notes /></item><item><_eventId><![CDATA[0E165D8F32F244FAAAEA1F3E7E48F0C1]]></_eventId><_sectionId><![CDATA[MRG-141218-143311-MSS32]]></_sectionId><_userId><![CDATA[Everyone]]></_userId><_title><![CDATA[&lt;b&gt;&lt;font color=Purple&gt;Commencement&lt;/font&gt;&lt;/b&gt;]]></_title><_category><![CDATA[Reminder]]></_category><_scheduleDate>2015-05-10T00:00:00</_scheduleDate><_scheduleTime>0</_scheduleTime><_duration>0</_duration><_contact /><_location /><_allowPublic>0</_allowPublic><_password /><_style><![CDATA[NORMAL]]></_style><_sequence>1000</_sequence><_author><![CDATA[mss32]]></_author><_lastModified>2014-09-24T13:27:40</_lastModified><_format><![CDATA[TEXT]]></_format><_recurId><![CDATA[B5AEF869B9A14D6EAAA70D8DB70021FD]]></_recurId><_altered>0</_altered><_notes /></item><item><_eventId><![CDATA[F81D774350704D0BADE6AA1E2135BB84]]></_eventId><_sectionId><![CDATA[MRG-141218-143311-MSS32]]></_sectionId><_userId><![CDATA[Everyone]]></_userId><_title><![CDATA[&lt;b&gt;&lt;font color =purple&gt;Finals Week!&lt;/font&gt;&lt;/b&gt;]]></_title><_category><![CDATA[Reminder]]></_category><_scheduleDate>2015-05-04T00:00:00</_scheduleDate><_scheduleTime>0</_scheduleTime><_duration>0</_duration><_contact /><_location /><_allowPublic>0</_allowPublic><_password /><_style><![CDATA[NORMAL]]></_style><_sequence>1000</_sequence><_author><![CDATA[mss32]]></_author><_lastModified>2014-09-24T13:27:59</_lastModified><_format><![CDATA[TEXT]]></_format><_recurId /><_altered>0</_altered><_notes /></item><item><_eventId><![CDATA[D70F90D4243949AC938C24DA55BFDDEA]]></_eventId><_sectionId><![CDATA[MRG-141218-143311-MSS32]]></_sectionId><_userId><![CDATA[Everyone]]></_userId><_title><![CDATA[Lecture #1]]></_title><_category><![CDATA[Lecture]]></_category><_scheduleDate>2015-01-13T00:00:00</_scheduleDate><_scheduleTime>585</_scheduleTime><_duration>75</_duration><_contact /><_location><![CDATA[327 Sackett]]></_location><_allowPublic>0</_allowPublic><_password /><_style><![CDATA[NORMAL]]></_style><_sequence>1000</_sequence><_author><![CDATA[mss32]]></_author><_lastModified>2014-12-03T14:52:41</_lastModified><_format><![CDATA[TEXT]]></_format><_recurId><![CDATA[D9E4C560F98449BCAF59DF6C96D45513]]></_recurId><_altered>0</_altered><_notes /></item><item><_eventId><![CDATA[022916B3000C418693E653FB463F368D]]></_eventId><_sectionId><![CDATA[MRG-141218-143311-MSS32]]></_sectionId><_userId><![CDATA[Everyone]]></_userId><_title><![CDATA[Lecture #2]]></_title><_category><![CDATA[Lecture]]></_category><_scheduleDate>2015-01-15T00:00:00</_scheduleDate><_scheduleTime>585</_scheduleTime><_duration>75</_duration><_contact /><_location><![CDATA[327 Sackett]]></_location><_allowPublic>0</_allowPublic><_password /><_style><![CDATA[NORMAL]]></_style><_sequence>1000</_sequence><_author><![CDATA[mss32]]></_author><_lastModified>2014-12-03T14:52:55</_lastModified><_format><![CDATA[TEXT]]></_format><_recurId><![CDATA[D9E4C560F98449BCAF59DF6C96D45513]]></_recurId><_altered>1</_altered><_notes /></item><item><_eventId><![CDATA[A93555BA552B4462B393E880FA648AA3]]></_eventId><_sectionId><![CDATA[MRG-141218-143311-MSS32]]></_sectionId><_userId><![CDATA[Everyone]]></_userId><_title><![CDATA[Lecture #3]]></_title><_category><![CDATA[Lecture]]></_category><_scheduleDate>2015-01-20T00:00:00</_scheduleDate><_scheduleTime>585</_scheduleTime><_duration>75</_duration><_contact /><_location><![CDATA[327 Sackett]]></_location><_allowPublic>0</_allowPublic><_password /><_style><![CDATA[NORMAL]]></_style><_sequence>1000</_sequence><_author><![CDATA[mss32]]></_author><_lastModified>2014-12-03T14:52:59</_lastModified><_format><![CDATA[TEXT]]></_format><_recurId><![CDATA[D9E4C560F98449BCAF59DF6C96D45513]]></_recurId><_altered>1</_altered><_notes /></item><item><_eventId><![CDATA[F8D9BCCBCAAF478D9F5AD1A815D08A5D]]></_eventId><_sectionId><![CDATA[MRG-141218-143311-MSS32]]></_sectionId><_userId><![CDATA[Everyone]]></_userId><_title><![CDATA[Lecture #4]]></_title><_category><![CDATA[Lecture]]></_category><_scheduleDate>2015-01-22T00:00:00</_scheduleDate><_scheduleTime>585</_scheduleTime><_duration>75</_duration><_contact /><_location><![CDATA[327 Sackett]]></_location><_allowPublic>0</_allowPublic><_password /><_style><![CDATA[NORMAL]]></_style><_sequence>1000</_sequence><_author><![CDATA[mss32]]></_author><_lastModified>2014-12-03T14:53:03</_lastModified><_format><![CDATA[TEXT]]></_format><_recurId><![CDATA[D9E4C560F98449BCAF59DF6C96D45513]]></_recurId><_altered>1</_altered><_notes /></item><item><_eventId><![CDATA[26CADE4B6D2840D7A1AC2B0FCB3AE713]]></_eventId><_sectionId><![CDATA[MRG-141218-143311-MSS32]]></_sectionId><_userId><![CDATA[Everyone]]></_userId><_title><![CDATA[Lecture #5]]></_title><_category><![CDATA[Lecture]]></_category><_scheduleDate>2015-01-27T00:00:00</_scheduleDate><_scheduleTime>585</_scheduleTime><_duration>75</_duration><_contact /><_location><![CDATA[327 Sackett]]></_location><_allowPublic>0</_allowPublic><_password /><_style><![CDATA[NORMAL]]></_style><_sequence>1000</_sequence><_author><![CDATA[mss32]]></_author><_lastModified>2014-12-03T14:53:06</_lastModified><_format><![CDATA[TEXT]]></_format><_recurId><![CDATA[D9E4C560F98449BCAF59DF6C96D45513]]></_recurId><_altered>1</_altered><_notes /></item><item><_eventId><![CDATA[69954E9824B74EF5BC0DF492DDD3C8DD]]></_eventId><_sectionId><![CDATA[MRG-141218-143311-MSS32]]></_sectionId><_userId><![CDATA[Everyone]]></_userId><_title><![CDATA[Lecture #6]]></_title><_category><![CDATA[Lecture]]></_category><_scheduleDate>2015-01-29T00:00:00</_scheduleDate><_scheduleTime>585</_scheduleTime><_duration>75</_duration><_contact /><_location><![CDATA[327 Sackett]]></_location><_allowPublic>0</_allowPublic><_password /><_style><![CDATA[NORMAL]]></_style><_sequence>1000</_sequence><_author><![CDATA[mss32]]></_author><_lastModified>2014-12-03T14:53:10</_lastModified><_format><![CDATA[TEXT]]></_format><_recurId><![CDATA[D9E4C560F98449BCAF59DF6C96D45513]]></_recurId><_altered>1</_altered><_notes /></item><item><_eventId><![CDATA[576A33433AD64097BAF7DBE18312C67D]]></_eventId><_sectionId><![CDATA[MRG-141218-143311-MSS32]]></_sectionId><_userId><![CDATA[Everyone]]></_userId><_title><![CDATA[Lecture #7]]></_title><_category><![CDATA[Lecture]]></_category><_scheduleDate>2015-02-03T00:00:00</_scheduleDate><_scheduleTime>585</_scheduleTime><_duration>75</_duration><_contact /><_location><![CDATA[327 Sackett]]></_location><_allowPublic>0</_allowPublic><_password /><_style><![CDATA[NORMAL]]></_style><_sequence>1000</_sequence><_author><![CDATA[mss32]]></_author><_lastModified>2014-12-03T14:53:15</_lastModified><_format><![CDATA[TEXT]]></_format><_recurId><![CDATA[D9E4C560F98449BCAF59DF6C96D45513]]></_recurId><_altered>1</_altered><_notes /></item><item><_eventId><![CDATA[189CCC159D7042E3950839B505A9CE2E]]></_eventId><_sectionId><![CDATA[MRG-141218-143311-MSS32]]></_sectionId><_userId><![CDATA[Everyone]]></_userId><_title><![CDATA[Lecture #8]]></_title><_category><![CDATA[Lecture]]></_category><_scheduleDate>2015-02-05T00:00:00</_scheduleDate><_scheduleTime>585</_scheduleTime><_duration>75</_duration><_contact /><_location><![CDATA[327 Sackett]]></_location><_allowPublic>0</_allowPublic><_password /><_style><![CDATA[NORMAL]]></_style><_sequence>1000</_sequence><_author><![CDATA[mss32]]></_author><_lastModified>2014-12-03T14:53:19</_lastModified><_format><![CDATA[TEXT]]></_format><_recurId><![CDATA[D9E4C560F98449BCAF59DF6C96D45513]]></_recurId><_altered>1</_altered><_notes /></item><item><_eventId><![CDATA[67B8A2F0151D46A89702ED9184FCFBE6]]></_eventId><_sectionId><![CDATA[MRG-141218-143311-MSS32]]></_sectionId><_userId><![CDATA[Everyone]]></_userId><_title><![CDATA[Lecture #9]]></_title><_category><![CDATA[Lecture]]></_category><_scheduleDate>2015-02-10T00:00:00</_scheduleDate><_scheduleTime>585</_scheduleTime><_duration>75</_duration><_contact /><_location><![CDATA[327 Sackett]]></_location><_allowPublic>0</_allowPublic><_password /><_style><![CDATA[NORMAL]]></_style><_sequence>1000</_sequence><_author><![CDATA[mss32]]></_author><_lastModified>2014-12-03T14:53:22</_lastModified><_format><![CDATA[TEXT]]></_format><_recurId><![CDATA[D9E4C560F98449BCAF59DF6C96D45513]]></_recurId><_altered>1</_altered><_notes /></item><item><_eventId><![CDATA[F7A61FF4F97D40C1B2BE42A6B30F8D0F]]></_eventId><_sectionId><![CDATA[MRG-141218-143311-MSS32]]></_sectionId><_userId><![CDATA[Everyone]]></_userId><_title><![CDATA[Lecture #10]]></_title><_category><![CDATA[Lecture]]></_category><_scheduleDate>2015-02-12T00:00:00</_scheduleDate><_scheduleTime>585</_scheduleTime><_duration>75</_duration><_contact /><_location><![CDATA[327 Sackett]]></_location><_allowPublic>0</_allowPublic><_password /><_style><![CDATA[NORMAL]]></_style><_sequence>1000</_sequence><_author><![CDATA[mss32]]></_author><_lastModified>2014-12-03T14:53:26</_lastModified><_format><![CDATA[TEXT]]></_format><_recurId><![CDATA[D9E4C560F98449BCAF59DF6C96D45513]]></_recurId><_altered>1</_altered><_notes /></item><item><_eventId><![CDATA[E1F3819200EF4B94B14EF16C7FE94387]]></_eventId><_sectionId><![CDATA[MRG-141218-143311-MSS32]]></_sectionId><_userId><![CDATA[Everyone]]></_userId><_title><![CDATA[Lecture #13]]></_title><_category><![CDATA[Lecture]]></_category><_scheduleDate>2015-02-24T00:00:00</_scheduleDate><_scheduleTime>585</_scheduleTime><_duration>75</_duration><_contact /><_location><![CDATA[327 Sackett]]></_location><_allowPublic>0</_allowPublic><_password /><_style><![CDATA[NORMAL]]></_style><_sequence>1000</_sequence><_author><![CDATA[mss32]]></_author><_lastModified>2014-12-03T14:53:37</_lastModified><_format><![CDATA[TEXT]]></_format><_recurId><![CDATA[D9E4C560F98449BCAF59DF6C96D45513]]></_recurId><_altered>1</_altered><_notes /></item><item><_eventId><![CDATA[009BA5AEBA504FC79C0FCA0D41E6527B]]></_eventId><_sectionId><![CDATA[MRG-141218-143311-MSS32]]></_sectionId><_userId><![CDATA[Everyone]]></_userId><_title><![CDATA[Lecture #14]]></_title><_category><![CDATA[Lecture]]></_category><_scheduleDate>2015-02-26T00:00:00</_scheduleDate><_scheduleTime>585</_scheduleTime><_duration>75</_duration><_contact /><_location><![CDATA[327 Sackett]]></_location><_allowPublic>0</_allowPublic><_password /><_style><![CDATA[NORMAL]]></_style><_sequence>1000</_sequence><_author><![CDATA[mss32]]></_author><_lastModified>2014-12-03T14:53:41</_lastModified><_format><![CDATA[TEXT]]></_format><_recurId><![CDATA[D9E4C560F98449BCAF59DF6C96D45513]]></_recurId><_altered>1</_altered><_notes /></item><item><_eventId><![CDATA[564AD8CD85504914B9042B6123D22662]]></_eventId><_sectionId><![CDATA[MRG-141218-143311-MSS32]]></_sectionId><_userId><![CDATA[Everyone]]></_userId><_title><![CDATA[Lecture #15]]></_title><_category><![CDATA[Lecture]]></_category><_scheduleDate>2015-03-03T00:00:00</_scheduleDate><_scheduleTime>585</_scheduleTime><_duration>75</_duration><_contact /><_location><![CDATA[327 Sackett]]></_location><_allowPublic>0</_allowPublic><_password /><_style><![CDATA[NORMAL]]></_style><_sequence>1000</_sequence><_author><![CDATA[mss32]]></_author><_lastModified>2014-12-03T14:53:46</_lastModified><_format><![CDATA[TEXT]]></_format><_recurId><![CDATA[D9E4C560F98449BCAF59DF6C96D45513]]></_recurId><_altered>1</_altered><_notes /></item><item><_eventId><![CDATA[57232EEC2BD541F28ABB71C6A87307DE]]></_eventId><_sectionId><![CDATA[MRG-141218-143311-MSS32]]></_sectionId><_userId><![CDATA[Everyone]]></_userId><_title><![CDATA[Lecture #16]]></_title><_category><![CDATA[Lecture]]></_category><_scheduleDate>2015-03-05T00:00:00</_scheduleDate><_scheduleTime>585</_scheduleTime><_duration>75</_duration><_contact /><_location><![CDATA[327 Sackett]]></_location><_allowPublic>0</_allowPublic><_password /><_style><![CDATA[NORMAL]]></_style><_sequence>1000</_sequence><_author><![CDATA[mss32]]></_author><_lastModified>2014-12-03T14:53:50</_lastModified><_format><![CDATA[TEXT]]></_format><_recurId><![CDATA[D9E4C560F98449BCAF59DF6C96D45513]]></_recurId><_altered>1</_altered><_notes /></item><item><_eventId><![CDATA[059F14EC24F541DA8AFE7A28D04826F7]]></_eventId><_sectionId><![CDATA[MRG-141218-143311-MSS32]]></_sectionId><_userId><![CDATA[Everyone]]></_userId><_title><![CDATA[Lecture #17]]></_title><_category><![CDATA[Lecture]]></_category><_scheduleDate>2015-03-17T00:00:00</_scheduleDate><_scheduleTime>585</_scheduleTime><_duration>75</_duration><_contact /><_location><![CDATA[327 Sackett]]></_location><_allowPublic>0</_allowPublic><_password /><_style><![CDATA[NORMAL]]></_style><_sequence>1000</_sequence><_author><![CDATA[mss32]]></_author><_lastModified>2014-12-03T14:53:59</_lastModified><_format><![CDATA[TEXT]]></_format><_recurId><![CDATA[D9E4C560F98449BCAF59DF6C96D45513]]></_recurId><_altered>1</_altered><_notes /></item><item><_eventId><![CDATA[70D96A617F624BFEAEC4376D206EB242]]></_eventId><_sectionId><![CDATA[MRG-141218-143311-MSS32]]></_sectionId><_userId><![CDATA[Everyone]]></_userId><_title><![CDATA[Lecture #18]]></_title><_category><![CDATA[Lecture]]></_category><_scheduleDate>2015-03-19T00:00:00</_scheduleDate><_scheduleTime>585</_scheduleTime><_duration>75</_duration><_contact /><_location><![CDATA[327 Sackett]]></_location><_allowPublic>0</_allowPublic><_password /><_style><![CDATA[NORMAL]]></_style><_sequence>1000</_sequence><_author><![CDATA[mss32]]></_author><_lastModified>2014-12-03T14:54:03</_lastModified><_format><![CDATA[TEXT]]></_format><_recurId><![CDATA[D9E4C560F98449BCAF59DF6C96D45513]]></_recurId><_altered>1</_altered><_notes /></item><item><_eventId><![CDATA[537077E0662146A9819291E66DDAD6F9]]></_eventId><_sectionId><![CDATA[MRG-141218-143311-MSS32]]></_sectionId><_userId><![CDATA[Everyone]]></_userId><_title><![CDATA[Lecture #19]]></_title><_category><![CDATA[Lecture]]></_category><_scheduleDate>2015-03-24T00:00:00</_scheduleDate><_scheduleTime>585</_scheduleTime><_duration>75</_duration><_contact /><_location><![CDATA[327 Sackett]]></_location><_allowPublic>0</_allowPublic><_password /><_style><![CDATA[NORMAL]]></_style><_sequence>1000</_sequence><_author><![CDATA[mss32]]></_author><_lastModified>2014-12-03T14:54:08</_lastModified><_format><![CDATA[TEXT]]></_format><_recurId><![CDATA[D9E4C560F98449BCAF59DF6C96D45513]]></_recurId><_altered>1</_altered><_notes /></item><item><_eventId><![CDATA[8DE6E08D620D496CB2F1EAAE4188DD58]]></_eventId><_sectionId><![CDATA[MRG-141218-143311-MSS32]]></_sectionId><_userId><![CDATA[Everyone]]></_userId><_title><![CDATA[Lecture #20]]></_title><_category><![CDATA[Lecture]]></_category><_scheduleDate>2015-03-26T00:00:00</_scheduleDate><_scheduleTime>585</_scheduleTime><_duration>75</_duration><_contact /><_location><![CDATA[327 Sackett]]></_location><_allowPublic>0</_allowPublic><_password /><_style><![CDATA[NORMAL]]></_style><_sequence>1000</_sequence><_author><![CDATA[mss32]]></_author><_lastModified>2014-12-03T14:54:12</_lastModified><_format><![CDATA[TEXT]]></_format><_recurId><![CDATA[D9E4C560F98449BCAF59DF6C96D45513]]></_recurId><_altered>1</_altered><_notes /></item><item><_eventId><![CDATA[9CD6C39F3BA54C8EBC823B6C05FDF50D]]></_eventId><_sectionId><![CDATA[MRG-141218-143311-MSS32]]></_sectionId><_userId><![CDATA[Everyone]]></_userId><_title><![CDATA[Lecture #21]]></_title><_category><![CDATA[Lecture]]></_category><_scheduleDate>2015-03-31T00:00:00</_scheduleDate><_scheduleTime>585</_scheduleTime><_duration>75</_duration><_contact /><_location><![CDATA[327 Sackett]]></_location><_allowPublic>0</_allowPublic><_password /><_style><![CDATA[NORMAL]]></_style><_sequence>1000</_sequence><_author><![CDATA[mss32]]></_author><_lastModified>2014-12-03T14:54:17</_lastModified><_format><![CDATA[TEXT]]></_format><_recurId><![CDATA[D9E4C560F98449BCAF59DF6C96D45513]]></_recurId><_altered>1</_altered><_notes /></item><item><_eventId><![CDATA[3B091D87D66F4554A74F6A627D6C913F]]></_eventId><_sectionId><![CDATA[MRG-141218-143311-MSS32]]></_sectionId><_userId><![CDATA[Everyone]]></_userId><_title><![CDATA[Lecture #22]]></_title><_category><![CDATA[Lecture]]></_category><_scheduleDate>2015-04-02T00:00:00</_scheduleDate><_scheduleTime>585</_scheduleTime><_duration>75</_duration><_contact /><_location><![CDATA[327 Sackett]]></_location><_allowPublic>0</_allowPublic><_password /><_style><![CDATA[NORMAL]]></_style><_sequence>1000</_sequence><_author><![CDATA[mss32]]></_author><_lastModified>2014-12-03T14:54:23</_lastModified><_format><![CDATA[TEXT]]></_format><_recurId><![CDATA[D9E4C560F98449BCAF59DF6C96D45513]]></_recurId><_altered>1</_altered><_notes /></item><item><_eventId><![CDATA[E3BD48928F794E418FAA47B477CEB454]]></_eventId><_sectionId><![CDATA[MRG-141218-143311-MSS32]]></_sectionId><_userId><![CDATA[Everyone]]></_userId><_title><![CDATA[Lecture #23]]></_title><_category><![CDATA[Lecture]]></_category><_scheduleDate>2015-04-07T00:00:00</_scheduleDate><_scheduleTime>585</_scheduleTime><_duration>75</_duration><_contact /><_location><![CDATA[327 Sackett]]></_location><_allowPublic>0</_allowPublic><_password /><_style><![CDATA[NORMAL]]></_style><_sequence>1000</_sequence><_author><![CDATA[mss32]]></_author><_lastModified>2014-12-03T14:54:27</_lastModified><_format><![CDATA[TEXT]]></_format><_recurId><![CDATA[D9E4C560F98449BCAF59DF6C96D45513]]></_recurId><_altered>1</_altered><_notes /></item><item><_eventId><![CDATA[6731B0E9DE144E228E708770C011F4A5]]></_eventId><_sectionId><![CDATA[MRG-141218-143311-MSS32]]></_sectionId><_userId><![CDATA[Everyone]]></_userId><_title><![CDATA[Lecture #24]]></_title><_category><![CDATA[Lecture]]></_category><_scheduleDate>2015-04-09T00:00:00</_scheduleDate><_scheduleTime>585</_scheduleTime><_duration>75</_duration><_contact /><_location><![CDATA[327 Sackett]]></_location><_allowPublic>0</_allowPublic><_password /><_style><![CDATA[NORMAL]]></_style><_sequence>1000</_sequence><_author><![CDATA[mss32]]></_author><_lastModified>2014-12-03T14:54:31</_lastModified><_format><![CDATA[TEXT]]></_format><_recurId><![CDATA[D9E4C560F98449BCAF59DF6C96D45513]]></_recurId><_altered>1</_altered><_notes /></item><item><_eventId><![CDATA[50DE82B1B2D1486982AF7B515BC1A348]]></_eventId><_sectionId><![CDATA[MRG-141218-143311-MSS32]]></_sectionId><_userId><![CDATA[Everyone]]></_userId><_title><![CDATA[&lt;b&gt;&lt;font color=red&gt;Quiz #1 Due&lt;/font&gt;&lt;/b&gt;]]></_title><_category><![CDATA[Assignment]]></_category><_scheduleDate>2015-01-25T00:00:00</_scheduleDate><_scheduleTime>1435</_scheduleTime><_duration>0</_duration><_contact><![CDATA[]]></_contact><_location><![CDATA[]]></_location><_allowPublic>0</_allowPublic><_password><![CDATA[]]></_password><_style><![CDATA[NORMAL]]></_style><_sequence>1000</_sequence><_author><![CDATA[mss32]]></_author><_lastModified>2015-01-22T11:22:36</_lastModified><_format><![CDATA[TEXT]]></_format><_recurId /><_altered>0</_altered><_notes><![CDATA[]]></_notes></item><item><_eventId><![CDATA[D9BA90CB96EE4052B6BFDFE6A4E8D57E]]></_eventId><_sectionId><![CDATA[MRG-141218-143311-MSS32]]></_sectionId><_userId><![CDATA[Everyone]]></_userId><_title><![CDATA[&lt;b&gt;&lt;font color=red&gt;Quiz #2 Due&lt;/font&gt;&lt;/b&gt;]]></_title><_category><![CDATA[Assignment]]></_category><_scheduleDate>2015-02-09T00:00:00</_scheduleDate><_scheduleTime>1435</_scheduleTime><_duration>0</_duration><_contact><![CDATA[]]></_contact><_location><![CDATA[]]></_location><_allowPublic>0</_allowPublic><_password><![CDATA[]]></_password><_style><![CDATA[NORMAL]]></_style><_sequence>1000</_sequence><_author><![CDATA[mss32]]></_author><_lastModified>2015-02-06T08:51:51</_lastModified><_format><![CDATA[TEXT]]></_format><_recurId /><_altered>0</_altered><_notes><![CDATA[]]></_notes></item><item><_eventId><![CDATA[B422C03701994E3A9B5171BE176CB2FA]]></_eventId><_sectionId><![CDATA[MRG-141218-143311-MSS32]]></_sectionId><_userId><![CDATA[Everyone]]></_userId><_title><![CDATA[Lecture #11]]></_title><_category><![CDATA[Lecture]]></_category><_scheduleDate>2015-02-13T00:00:00</_scheduleDate><_scheduleTime>600</_scheduleTime><_duration>75</_duration><_contact><![CDATA[]]></_contact><_location><![CDATA[327 Sackett]]></_location><_allowPublic>0</_allowPublic><_password><![CDATA[]]></_password><_style><![CDATA[NORMAL]]></_style><_sequence>1000</_sequence><_author><![CDATA[mss32]]></_author><_lastModified>2015-02-12T11:56:53</_lastModified><_format><![CDATA[TEXT]]></_format><_recurId><![CDATA[D9E4C560F98449BCAF59DF6C96D45513]]></_recurId><_altered>1</_altered><_notes><![CDATA[]]></_notes></item><item><_eventId><![CDATA[377038E2D87C4343B5812C16F8B879F6]]></_eventId><_sectionId><![CDATA[MRG-141218-143311-MSS32]]></_sectionId><_userId><![CDATA[Everyone]]></_userId><_title><![CDATA[Lecture #12]]></_title><_category><![CDATA[Lecture]]></_category><_scheduleDate>2015-02-17T00:00:00</_scheduleDate><_scheduleTime>585</_scheduleTime><_duration>75</_duration><_contact><![CDATA[]]></_contact><_location><![CDATA[327 Sackett]]></_location><_allowPublic>0</_allowPublic><_password><![CDATA[]]></_password><_style><![CDATA[NORMAL]]></_style><_sequence>1000</_sequence><_author><![CDATA[mss32]]></_author><_lastModified>2015-02-12T11:57:06</_lastModified><_format><![CDATA[TEXT]]></_format><_recurId><![CDATA[D9E4C560F98449BCAF59DF6C96D45513]]></_recurId><_altered>1</_altered><_notes><![CDATA[]]></_notes></item><item><_eventId><![CDATA[C99FC7281ACE47078C3EF9F18D333FCC]]></_eventId><_sectionId><![CDATA[MRG-141218-143311-MSS32]]></_sectionId><_userId><![CDATA[Everyone]]></_userId><_title><![CDATA[No Class]]></_title><_category><![CDATA[Reminder]]></_category><_scheduleDate>2015-02-19T00:00:00</_scheduleDate><_scheduleTime>585</_scheduleTime><_duration>75</_duration><_contact><![CDATA[]]></_contact><_location><![CDATA[]]></_location><_allowPublic>0</_allowPublic><_password><![CDATA[]]></_password><_style><![CDATA[NORMAL]]></_style><_sequence>1000</_sequence><_author><![CDATA[mss32]]></_author><_lastModified>2015-02-12T11:57:48</_lastModified><_format><![CDATA[TEXT]]></_format><_recurId /><_altered>0</_altered><_notes><![CDATA[]]></_notes></item><item><_eventId><![CDATA[76CDF7F8D946473E8CF8D51607277ED9]]></_eventId><_sectionId><![CDATA[MRG-141218-143311-MSS32]]></_sectionId><_userId><![CDATA[Everyone]]></_userId><_title><![CDATA[&lt;b&gt;&lt;font color=red&gt;HW #1 Due&lt;/font&gt;&lt;/b&gt;]]></_title><_category><![CDATA[Assignment]]></_category><_scheduleDate>2015-02-24T00:00:00</_scheduleDate><_scheduleTime>1435</_scheduleTime><_duration>0</_duration><_contact><![CDATA[]]></_contact><_location><![CDATA[]]></_location><_allowPublic>0</_allowPublic><_password><![CDATA[]]></_password><_style><![CDATA[NORMAL]]></_style><_sequence>1000</_sequence><_author><![CDATA[mss32]]></_author><_lastModified>2015-02-18T11:08:46</_lastModified><_format><![CDATA[TEXT]]></_format><_recurId /><_altered>0</_altered><_notes><![CDATA[]]></_notes></item><item><_eventId><![CDATA[D9E261954B164E8A93FCAA582FA5443E]]></_eventId><_sectionId><![CDATA[MRG-141218-143311-MSS32]]></_sectionId><_userId><![CDATA[Everyone]]></_userId><_title><![CDATA[&lt;b&gt;&lt;font color=red&gt;HW #2 Due&lt;/font&gt;&lt;/b&gt;]]></_title><_category><![CDATA[Assignment]]></_category><_scheduleDate>2015-03-19T00:00:00</_scheduleDate><_scheduleTime>1435</_scheduleTime><_duration>0</_duration><_contact><![CDATA[]]></_contact><_location><![CDATA[]]></_location><_allowPublic>0</_allowPublic><_password><![CDATA[]]></_password><_style><![CDATA[NORMAL]]></_style><_sequence>1000</_sequence><_author><![CDATA[mss32]]></_author><_lastModified>2015-03-02T09:23:52</_lastModified><_format><![CDATA[TEXT]]></_format><_recurId /><_altered>0</_altered><_notes><![CDATA[]]></_notes></item><item><_eventId><![CDATA[B59277AAE8BA4B9DBB5832385B109908]]></_eventId><_sectionId><![CDATA[MRG-141218-143311-MSS32]]></_sectionId><_userId><![CDATA[Everyone]]></_userId><_title><![CDATA[&lt;font color=purple&gt;&lt;b&gt;Exam #1 Opens&lt;/font&gt;&lt;/b&gt;]]></_title><_category><![CDATA[Exam]]></_category><_scheduleDate>2015-03-26T00:00:00</_scheduleDate><_scheduleTime>540</_scheduleTime><_duration>0</_duration><_contact><![CDATA[]]></_contact><_location><![CDATA[]]></_location><_allowPublic>0</_allowPublic><_password><![CDATA[]]></_password><_style><![CDATA[NORMAL]]></_style><_sequence>1000</_sequence><_author><![CDATA[mss32]]></_author><_lastModified>2015-03-24T11:57:43</_lastModified><_format><![CDATA[TEXT]]></_format><_recurId /><_altered>0</_altered><_notes><![CDATA[]]></_notes></item><item><_eventId><![CDATA[C82EA7BF2DC340F9885F52CC7379BCE3]]></_eventId><_sectionId><![CDATA[MRG-141218-143311-MSS32]]></_sectionId><_userId><![CDATA[Everyone]]></_userId><_title><![CDATA[&lt;font color=purple&gt;&lt;b&gt;Exam Window&lt;/font&gt;&lt;/b&gt;]]></_title><_category><![CDATA[Exam]]></_category><_scheduleDate>2015-03-27T00:00:00</_scheduleDate><_scheduleTime>0</_scheduleTime><_duration>0</_duration><_contact><![CDATA[]]></_contact><_location><![CDATA[]]></_location><_allowPublic>0</_allowPublic><_password><![CDATA[]]></_password><_style><![CDATA[NORMAL]]></_style><_sequence>1000</_sequence><_author><![CDATA[mss32]]></_author><_lastModified>2015-03-24T11:57:59</_lastModified><_format><![CDATA[TEXT]]></_format><_recurId /><_altered>0</_altered><_notes><![CDATA[]]></_notes></item><item><_eventId><![CDATA[27824438FFF140C9999A72E5E3BC5705]]></_eventId><_sectionId><![CDATA[MRG-141218-143311-MSS32]]></_sectionId><_userId><![CDATA[Everyone]]></_userId><_title><![CDATA[&lt;font color=purple&gt;&lt;b&gt;Exam Window&lt;/font&gt;&lt;/b&gt;]]></_title><_category><![CDATA[Exam]]></_category><_scheduleDate>2015-03-28T00:00:00</_scheduleDate><_scheduleTime>0</_scheduleTime><_duration>0</_duration><_contact><![CDATA[]]></_contact><_location><![CDATA[]]></_location><_allowPublic>0</_allowPublic><_password><![CDATA[]]></_password><_style><![CDATA[NORMAL]]></_style><_sequence>1000</_sequence><_author><![CDATA[mss32]]></_author><_lastModified>2015-03-24T11:58:04</_lastModified><_format><![CDATA[TEXT]]></_format><_recurId /><_altered>0</_altered><_notes><![CDATA[]]></_notes></item><item><_eventId><![CDATA[EED61AEFB8E047548B5626792CEC137A]]></_eventId><_sectionId><![CDATA[MRG-141218-143311-MSS32]]></_sectionId><_userId><![CDATA[Everyone]]></_userId><_title><![CDATA[&lt;font color=purple&gt;&lt;b&gt;Exam Window&lt;/font&gt;&lt;/b&gt;]]></_title><_category><![CDATA[Exam]]></_category><_scheduleDate>2015-03-29T00:00:00</_scheduleDate><_scheduleTime>0</_scheduleTime><_duration>0</_duration><_contact><![CDATA[]]></_contact><_location><![CDATA[]]></_location><_allowPublic>0</_allowPublic><_password><![CDATA[]]></_password><_style><![CDATA[NORMAL]]></_style><_sequence>1000</_sequence><_author><![CDATA[mss32]]></_author><_lastModified>2015-03-24T11:58:13</_lastModified><_format><![CDATA[TEXT]]></_format><_recurId /><_altered>0</_altered><_notes><![CDATA[]]></_notes></item><item><_eventId><![CDATA[9218B79DAA834A5784562EABE5E3D05E]]></_eventId><_sectionId><![CDATA[MRG-141218-143311-MSS32]]></_sectionId><_userId><![CDATA[Everyone]]></_userId><_title><![CDATA[&lt;b&gt;&lt;font color=red&gt;Exam #1 Due&lt;/font&gt;&lt;/b&gt;]]></_title><_category><![CDATA[Exam]]></_category><_scheduleDate>2015-03-30T00:00:00</_scheduleDate><_scheduleTime>1435</_scheduleTime><_duration>0</_duration><_contact><![CDATA[]]></_contact><_location><![CDATA[]]></_location><_allowPublic>0</_allowPublic><_password><![CDATA[]]></_password><_style><![CDATA[NORMAL]]></_style><_sequence>1000</_sequence><_author><![CDATA[mss32]]></_author><_lastModified>2015-03-24T11:58:28</_lastModified><_format><![CDATA[TEXT]]></_format><_recurId /><_altered>0</_altered><_notes><![CDATA[]]></_notes></item><item><_eventId><![CDATA[473689F5773D411AA2E6841BB4EB5623]]></_eventId><_sectionId><![CDATA[MRG-141218-143311-MSS32]]></_sectionId><_userId><![CDATA[Everyone]]></_userId><_title><![CDATA[&lt;b&gt;&lt;font color=red&gt;HW #3 Due&lt;/font&gt;&lt;/b&gt;]]></_title><_category><![CDATA[Assignment]]></_category><_scheduleDate>2015-04-09T00:00:00</_scheduleDate><_scheduleTime>1435</_scheduleTime><_duration>0</_duration><_contact><![CDATA[]]></_contact><_location><![CDATA[]]></_location><_allowPublic>0</_allowPublic><_password><![CDATA[]]></_password><_style><![CDATA[NORMAL]]></_style><_sequence>1000</_sequence><_author><![CDATA[mss32]]></_author><_lastModified>2015-04-02T08:39:36</_lastModified><_format><![CDATA[TEXT]]></_format><_recurId /><_altered>0</_altered><_notes><![CDATA[]]></_notes></item><item><_eventId><![CDATA[99949C8F8EF549C09C9A1F6FF1A243C4]]></_eventId><_sectionId><![CDATA[MRG-141218-143311-MSS32]]></_sectionId><_userId><![CDATA[Everyone]]></_userId><_title><![CDATA[&lt;font color=purple&gt;&lt;b&gt;Exam #2 Window&lt;/font&gt;&lt;/b&gt;]]></_title><_category><![CDATA[Exam]]></_category><_scheduleDate>2015-04-13T00:00:00</_scheduleDate><_scheduleTime>0</_scheduleTime><_duration>0</_duration><_contact><![CDATA[]]></_contact><_location><![CDATA[]]></_location><_allowPublic>0</_allowPublic><_password><![CDATA[]]></_password><_style><![CDATA[NORMAL]]></_style><_sequence>1000</_sequence><_author><![CDATA[mss32]]></_author><_lastModified>2015-04-02T12:16:59</_lastModified><_format><![CDATA[TEXT]]></_format><_recurId /><_altered>0</_altered><_notes><![CDATA[]]></_notes></item><item><_eventId><![CDATA[FADC5C6FA3C34C6385B8819C6C91C468]]></_eventId><_sectionId><![CDATA[MRG-141218-143311-MSS32]]></_sectionId><_userId><![CDATA[Everyone]]></_userId><_title><![CDATA[&lt;font color=purple&gt;&lt;b&gt;Exam #2 Window&lt;/font&gt;&lt;/b&gt;]]></_title><_category><![CDATA[Exam]]></_category><_scheduleDate>2015-04-11T00:00:00</_scheduleDate><_scheduleTime>0</_scheduleTime><_duration>0</_duration><_contact><![CDATA[]]></_contact><_location><![CDATA[]]></_location><_allowPublic>0</_allowPublic><_password><![CDATA[]]></_password><_style><![CDATA[NORMAL]]></_style><_sequence>1000</_sequence><_author><![CDATA[mss32]]></_author><_lastModified>2015-04-02T12:17:05</_lastModified><_format><![CDATA[TEXT]]></_format><_recurId><![CDATA[E833676875EA49D388C1E475AFD68171]]></_recurId><_altered>0</_altered><_notes><![CDATA[]]></_notes></item><item><_eventId><![CDATA[4A445CB900974DA58F8AC047A6824B37]]></_eventId><_sectionId><![CDATA[MRG-141218-143311-MSS32]]></_sectionId><_userId><![CDATA[Everyone]]></_userId><_title><![CDATA[&lt;font color=purple&gt;&lt;b&gt;Exam #2 Window&lt;/font&gt;&lt;/b&gt;]]></_title><_category><![CDATA[Exam]]></_category><_scheduleDate>2015-04-12T00:00:00</_scheduleDate><_scheduleTime>0</_scheduleTime><_duration>0</_duration><_contact><![CDATA[]]></_contact><_location><![CDATA[]]></_location><_allowPublic>0</_allowPublic><_password><![CDATA[]]></_password><_style><![CDATA[NORMAL]]></_style><_sequence>1000</_sequence><_author><![CDATA[mss32]]></_author><_lastModified>2015-04-02T12:17:05</_lastModified><_format><![CDATA[TEXT]]></_format><_recurId><![CDATA[E833676875EA49D388C1E475AFD68171]]></_recurId><_altered>0</_altered><_notes><![CDATA[]]></_notes></item><item><_eventId><![CDATA[9A0978B35CED4289883C2071A7EBE05B]]></_eventId><_sectionId><![CDATA[MRG-141218-143311-MSS32]]></_sectionId><_userId><![CDATA[Everyone]]></_userId><_title><![CDATA[&lt;b&gt;No Lecture - &lt;br&gt;Work on Project&lt;/b&gt;]]></_title><_category><![CDATA[Reminder]]></_category><_scheduleDate>2015-04-14T00:00:00</_scheduleDate><_scheduleTime>0</_scheduleTime><_duration>0</_duration><_contact><![CDATA[]]></_contact><_location><![CDATA[]]></_location><_allowPublic>0</_allowPublic><_password><![CDATA[]]></_password><_style><![CDATA[NORMAL]]></_style><_sequence>1000</_sequence><_author><![CDATA[mss32]]></_author><_lastModified>2015-04-02T12:18:38</_lastModified><_format><![CDATA[TEXT]]></_format><_recurId><![CDATA[69DFCFA326E840B98A604B5F95C6DC1F]]></_recurId><_altered>0</_altered><_notes><![CDATA[]]></_notes></item><item><_eventId><![CDATA[2AF23B88D9614F67967A20060723619E]]></_eventId><_sectionId><![CDATA[MRG-141218-143311-MSS32]]></_sectionId><_userId><![CDATA[Everyone]]></_userId><_title><![CDATA[&lt;b&gt;No Lecture - &lt;br&gt;Work on Project&lt;/b&gt;]]></_title><_category><![CDATA[Reminder]]></_category><_scheduleDate>2015-04-16T00:00:00</_scheduleDate><_scheduleTime>0</_scheduleTime><_duration>0</_duration><_contact><![CDATA[]]></_contact><_location><![CDATA[]]></_location><_allowPublic>0</_allowPublic><_password><![CDATA[]]></_password><_style><![CDATA[NORMAL]]></_style><_sequence>1000</_sequence><_author><![CDATA[mss32]]></_author><_lastModified>2015-04-02T12:18:38</_lastModified><_format><![CDATA[TEXT]]></_format><_recurId><![CDATA[69DFCFA326E840B98A604B5F95C6DC1F]]></_recurId><_altered>0</_altered><_notes><![CDATA[]]></_notes></item><item><_eventId><![CDATA[65D475F11D86483885D2230AED640959]]></_eventId><_sectionId><![CDATA[MRG-141218-143311-MSS32]]></_sectionId><_userId><![CDATA[Everyone]]></_userId><_title><![CDATA[&lt;b&gt;No Lecture - &lt;br&gt;Work on Project&lt;/b&gt;]]></_title><_category><![CDATA[Reminder]]></_category><_scheduleDate>2015-04-21T00:00:00</_scheduleDate><_scheduleTime>0</_scheduleTime><_duration>0</_duration><_contact><![CDATA[]]></_contact><_location><![CDATA[]]></_location><_allowPublic>0</_allowPublic><_password><![CDATA[]]></_password><_style><![CDATA[NORMAL]]></_style><_sequence>1000</_sequence><_author><![CDATA[mss32]]></_author><_lastModified>2015-04-02T12:18:38</_lastModified><_format><![CDATA[TEXT]]></_format><_recurId><![CDATA[69DFCFA326E840B98A604B5F95C6DC1F]]></_recurId><_altered>0</_altered><_notes><![CDATA[]]></_notes></item><item><_eventId><![CDATA[71B7B460639C45D799C9AC0F9DB8F2CC]]></_eventId><_sectionId><![CDATA[MRG-141218-143311-MSS32]]></_sectionId><_userId><![CDATA[Everyone]]></_userId><_title><![CDATA[&lt;b&gt;No Lecture - &lt;br&gt;Work on Project&lt;/b&gt;]]></_title><_category><![CDATA[Reminder]]></_category><_scheduleDate>2015-04-23T00:00:00</_scheduleDate><_scheduleTime>0</_scheduleTime><_duration>0</_duration><_contact><![CDATA[]]></_contact><_location><![CDATA[]]></_location><_allowPublic>0</_allowPublic><_password><![CDATA[]]></_password><_style><![CDATA[NORMAL]]></_style><_sequence>1000</_sequence><_author><![CDATA[mss32]]></_author><_lastModified>2015-04-02T12:18:38</_lastModified><_format><![CDATA[TEXT]]></_format><_recurId><![CDATA[69DFCFA326E840B98A604B5F95C6DC1F]]></_recurId><_altered>0</_altered><_notes><![CDATA[]]></_notes></item><item><_eventId><![CDATA[04B6D345355A436B99020FD903BD1872]]></_eventId><_sectionId><![CDATA[MRG-141218-143311-MSS32]]></_sectionId><_userId><![CDATA[Everyone]]></_userId><_title><![CDATA[&lt;b&gt;No Lecture - &lt;br&gt;Work on Project&lt;/b&gt;]]></_title><_category><![CDATA[Reminder]]></_category><_scheduleDate>2015-04-30T00:00:00</_scheduleDate><_scheduleTime>0</_scheduleTime><_duration>0</_duration><_contact><![CDATA[]]></_contact><_location><![CDATA[]]></_location><_allowPublic>0</_allowPublic><_password><![CDATA[]]></_password><_style><![CDATA[NORMAL]]></_style><_sequence>1000</_sequence><_author><![CDATA[mss32]]></_author><_lastModified>2015-04-02T12:18:38</_lastModified><_format><![CDATA[TEXT]]></_format><_recurId><![CDATA[69DFCFA326E840B98A604B5F95C6DC1F]]></_recurId><_altered>0</_altered><_notes><![CDATA[]]></_notes></item><item><_eventId><![CDATA[846345C72C91400FAB78920084913EE7]]></_eventId><_sectionId><![CDATA[MRG-141218-143311-MSS32]]></_sectionId><_userId><![CDATA[Everyone]]></_userId><_title><![CDATA[&lt;b&gt;No Lecture - &lt;br&gt;Work on Project&lt;/b&gt;]]></_title><_category><![CDATA[Reminder]]></_category><_scheduleDate>2015-04-28T00:00:00</_scheduleDate><_scheduleTime>0</_scheduleTime><_duration>0</_duration><_contact><![CDATA[]]></_contact><_location><![CDATA[]]></_location><_allowPublic>0</_allowPublic><_password><![CDATA[]]></_password><_style><![CDATA[NORMAL]]></_style><_sequence>1000</_sequence><_author><![CDATA[mss32]]></_author><_lastModified>2015-04-02T12:18:38</_lastModified><_format><![CDATA[TEXT]]></_format><_recurId><![CDATA[69DFCFA326E840B98A604B5F95C6DC1F]]></_recurId><_altered>0</_altered><_notes><![CDATA[]]></_notes></item><item><_eventId><![CDATA[BC1F80BE643448EBA805479FE06DAEFD]]></_eventId><_sectionId><![CDATA[MRG-141218-143311-MSS32]]></_sectionId><_userId><![CDATA[Everyone]]></_userId><_title><![CDATA[&lt;font color=Red&gt;&lt;b&gt;Exam #2 Opens&lt;/font&gt;&lt;/b&gt;]]></_title><_category><![CDATA[Exam]]></_category><_scheduleDate>2015-04-09T00:00:00</_scheduleDate><_scheduleTime>0</_scheduleTime><_duration>0</_duration><_contact><![CDATA[]]></_contact><_location><![CDATA[]]></_location><_allowPublic>0</_allowPublic><_password><![CDATA[]]></_password><_style><![CDATA[NORMAL]]></_style><_sequence>1000</_sequence><_author><![CDATA[mss32]]></_author><_lastModified>2015-04-09T08:09:16</_lastModified><_format><![CDATA[TEXT]]></_format><_recurId /><_altered>0</_altered><_notes><![CDATA[]]></_notes></item><item><_eventId><![CDATA[71A5DEBE6911402F8AC0A81ECE07FAE1]]></_eventId><_sectionId><![CDATA[MRG-141218-143311-MSS32]]></_sectionId><_userId><![CDATA[Everyone]]></_userId><_title><![CDATA[&lt;font color=purple&gt;&lt;b&gt;Exam #2 Window&lt;/font&gt;&lt;/b&gt;]]></_title><_category><![CDATA[Exam]]></_category><_scheduleDate>2015-04-10T00:00:00</_scheduleDate><_scheduleTime>0</_scheduleTime><_duration>0</_duration><_contact><![CDATA[]]></_contact><_location><![CDATA[]]></_location><_allowPublic>0</_allowPublic><_password><![CDATA[]]></_password><_style><![CDATA[NORMAL]]></_style><_sequence>1000</_sequence><_author><![CDATA[mss32]]></_author><_lastModified>2015-04-09T08:09:32</_lastModified><_format><![CDATA[TEXT]]></_format><_recurId /><_altered>0</_altered><_notes><![CDATA[]]></_notes></item><item><_eventId><![CDATA[E259FA5C1EAA4C0E9F56AD678954F000]]></_eventId><_sectionId><![CDATA[MRG-141218-143311-MSS32]]></_sectionId><_userId><![CDATA[Everyone]]></_userId><_title><![CDATA[&lt;b&gt;&lt;font color=purple&gt;PSU Late&lt;br&gt;Drop Deadline&lt;/font&gt;&lt;/b&gt;]]></_title><_category><![CDATA[Appointment]]></_category><_scheduleDate>2015-04-10T00:00:00</_scheduleDate><_scheduleTime>0</_scheduleTime><_duration>0</_duration><_contact><![CDATA[]]></_contact><_location><![CDATA[]]></_location><_allowPublic>0</_allowPublic><_password><![CDATA[]]></_password><_style><![CDATA[NORMAL]]></_style><_sequence>1000</_sequence><_author><![CDATA[mss32]]></_author><_lastModified>2015-04-09T08:09:57</_lastModified><_format><![CDATA[TEXT]]></_format><_recurId /><_altered>0</_altered><_notes><![CDATA[]]></_notes></item><item><_eventId><![CDATA[1273E20FF6BC49B5945608BA78935CA2]]></_eventId><_sectionId><![CDATA[MRG-141218-143311-MSS32]]></_sectionId><_userId><![CDATA[Everyone]]></_userId><_title><![CDATA[&lt;b&gt;&lt;font color=red&gt;Exam #2 Due&lt;/font&gt;&lt;/b&gt;]]></_title><_category><![CDATA[Exam]]></_category><_scheduleDate>2015-04-15T00:00:00</_scheduleDate><_scheduleTime>1435</_scheduleTime><_duration>0</_duration><_contact><![CDATA[]]></_contact><_location><![CDATA[]]></_location><_allowPublic>0</_allowPublic><_password><![CDATA[]]></_password><_style><![CDATA[NORMAL]]></_style><_sequence>1000</_sequence><_author><![CDATA[mss32]]></_author><_lastModified>2015-04-09T08:10:10</_lastModified><_format><![CDATA[TEXT]]></_format><_recurId /><_altered>0</_altered><_notes><![CDATA[]]></_notes></item><item><_eventId><![CDATA[6C71AAF63BBD41C68AC9ABB5C729662F]]></_eventId><_sectionId><![CDATA[MRG-141218-143311-MSS32]]></_sectionId><_userId><![CDATA[Everyone]]></_userId><_title><![CDATA[&lt;font color=purple&gt;&lt;b&gt;Exam #2 Window&lt;/font&gt;&lt;/b&gt;]]></_title><_category><![CDATA[Exam]]></_category><_scheduleDate>2015-04-14T00:00:00</_scheduleDate><_scheduleTime>0</_scheduleTime><_duration>0</_duration><_contact><![CDATA[]]></_contact><_location><![CDATA[]]></_location><_allowPublic>0</_allowPublic><_password><![CDATA[]]></_password><_style><![CDATA[NORMAL]]></_style><_sequence>1000</_sequence><_author><![CDATA[mss32]]></_author><_lastModified>2015-04-09T08:10:17</_lastModified><_format><![CDATA[TEXT]]></_format><_recurId /><_altered>0</_altered><_notes><![CDATA[]]></_notes></item><item><_eventId><![CDATA[AAFC6BE17BA844648AA78EED7EC4F469]]></_eventId><_sectionId><![CDATA[MRG-141218-143311-MSS32]]></_sectionId><_userId><![CDATA[Everyone]]></_userId><_title><![CDATA[&lt;b&gt;&lt;font color=red&gt;Course Project Due&lt;/font&gt;&lt;/b&gt;]]></_title><_category><![CDATA[Assignment]]></_category><_scheduleDate>2015-05-05T00:00:00</_scheduleDate><_scheduleTime>1435</_scheduleTime><_duration>0</_duration><_contact><![CDATA[]]></_contact><_location><![CDATA[]]></_location><_allowPublic>0</_allowPublic><_password><![CDATA[]]></_password><_style><![CDATA[NORMAL]]></_style><_sequence>1000</_sequence><_author><![CDATA[mss32]]></_author><_lastModified>2015-04-09T08:17:19</_lastModified><_format><![CDATA[TEXT]]></_format><_recurId /><_altered>0</_altered><_notes><![CDATA[]]></_notes></item></CalendarCollection>