﻿<?xml version="1.0" encoding="utf-8"?><angelManifest course="MRG-141218-143311-MSS32" container_id="8802d09a-5853-4db6-a6a3-97bb3f267f7a"><resources><resource identifier="Course" AngelObjectType="CLL.S3.Angel.Course"><file href="General\Course\AngelObj[Course].xml" /></resource><resource identifier="Keywords" AngelObjectType="CLL.S3.Angel.CourseKeywordCollection"><file href="General\Keywords\CourseKeywordCollection\AngelObj[CourseKeywordCollection].xml" /></resource><resource identifier="EnvironmentVariables" AngelObjectType="CLL.S3.Angel.EnvVarsCollection"><file href="General\EnvironmentVariables\EnvVarsCollection\AngelObj[EnvVarsCollection].xml" /></resource><resource identifier="Objectives" /><resource identifier="StandardAssociations" /><resource identifier="QuestionBank" SurveyFolder="4691223c-8046-4b2a-ab7d-1c5668ae2d0e"><dependency identifierref="93ee06bb-f126-428c-ab1d-02fb98ad92ca" /><dependency identifierref="5813df75-a95b-4e5e-b2f5-388831087b87" /><dependency identifierref="7178c625-f0a9-4300-b70d-2b3e44bc6b1e" /><dependency identifierref="3600c952-29f4-43bd-8472-4aac63d4df83" /><dependency identifierref="88c5634b-1015-4669-bbec-506361fd093f" /><dependency identifierref="913c3d47-cd5c-42c9-b9eb-57fe8cbfcf32" /><dependency identifierref="19dbfdea-c844-4cd5-88a7-794223fc5ecf" /><dependency identifierref="1143a5e2-bf45-4b4d-9e58-717589a06ec9" /><dependency identifierref="c1e20f16-fa81-4789-b8e2-7d92dea9a117" /><dependency identifierref="58e946f3-b659-437c-b20c-ccd787b3eb5e" /><dependency identifierref="440a4c35-4ca6-4f60-9dcc-002f3035a4c8" /><dependency identifierref="c2f282e5-88d1-44a4-b0fb-80a96d923e5d" /><dependency identifierref="1be45534-6627-4651-83fa-8ba0bddcaad5" /><dependency identifierref="b2b7815b-6d33-44e9-aa4b-302668761b3f" /><dependency identifierref="aef15a90-89b9-45cb-a007-a6dd4995cb5e" /><dependency identifierref="7d6d4709-142f-49be-9b97-a6de841c372d" /><dependency identifierref="203fab11-fc02-4d6a-a88f-b30bc2bc140b" /><dependency identifierref="4691223c-8046-4b2a-ab7d-1c5668ae2d0e" /><dependency identifierref="95ccbabd-5ebd-477b-ad12-ba1442b0e3eb" /><dependency identifierref="c7c89ad1-262b-4ef2-ad46-b2735f136390" /><dependency identifierref="f8b9fe27-5dd0-4273-a5c5-c1229c278c4b" /><dependency identifierref="ef7ad88e-cc49-4f85-a2e2-d3f39a096e4b" /><dependency identifierref="987510fb-ffd8-4f54-8847-ed99f0483774" /><dependency identifierref="a08418cb-c594-418e-9a97-f92a1ef1a7d8" /><dependency identifierref="d440475b-8420-42e6-a5ef-74699763d285" /><dependency identifierref="1a68316a-a8de-472d-a13d-846c12ee87b8" /><dependency identifierref="7f44b355-e302-4dea-ac00-946d438a656d" /><dependency identifierref="8802d09a-5853-4db6-a6a3-97bb3f267f7a" /><dependency identifierref="840bce53-7417-494d-80c4-8d6ba40d9b38" /><dependency identifierref="630d8e52-5ae1-44bb-821f-10595d5db1ec" /><dependency identifierref="3ece0c65-52f5-49b3-9d91-c43c07fc4ad0" /><dependency identifierref="e0c473e2-bc84-4df7-aa6d-631b884242df" /><dependency identifierref="c3a2ce35-44bf-4f74-81fa-974300fa31b4" /></resource><resource identifier="93ee06bb-f126-428c-ab1d-02fb98ad92ca" AngelObjectType="CLL.S3.Angel.QTI.QTIQuestionBankFolder"><file href="Content\LessonContent\QBFolders\93ee06bb-f126-428c-ab1d-02fb98ad92ca\AngelObj[QTIQuestionBankFolder].xml" /></resource><resource identifier="5813df75-a95b-4e5e-b2f5-388831087b87" AngelObjectType="CLL.S3.Angel.QTI.QTIQuestionBankFolder"><file href="Content\LessonContent\QBFolders\5813df75-a95b-4e5e-b2f5-388831087b87\AngelObj[QTIQuestionBankFolder].xml" /></resource><resource identifier="7178c625-f0a9-4300-b70d-2b3e44bc6b1e" AngelObjectType="CLL.S3.Angel.QTI.QTIQuestionBankFolder"><file href="Content\LessonContent\QBFolders\7178c625-f0a9-4300-b70d-2b3e44bc6b1e\AngelObj[QTIQuestionBankFolder].xml" /></resource><resource identifier="3600c952-29f4-43bd-8472-4aac63d4df83" AngelObjectType="CLL.S3.Angel.QTI.QTIQuestionBankFolder"><file href="Content\LessonContent\QBFolders\3600c952-29f4-43bd-8472-4aac63d4df83\AngelObj[QTIQuestionBankFolder].xml" /></resource><resource identifier="88c5634b-1015-4669-bbec-506361fd093f" AngelObjectType="CLL.S3.Angel.QTI.QTIQuestionBankFolder"><file href="Content\LessonContent\QBFolders\88c5634b-1015-4669-bbec-506361fd093f\AngelObj[QTIQuestionBankFolder].xml" /></resource><resource identifier="913c3d47-cd5c-42c9-b9eb-57fe8cbfcf32" AngelObjectType="CLL.S3.Angel.QTI.QTIQuestionBankFolder"><file href="Content\LessonContent\QBFolders\913c3d47-cd5c-42c9-b9eb-57fe8cbfcf32\AngelObj[QTIQuestionBankFolder].xml" /></resource><resource identifier="19dbfdea-c844-4cd5-88a7-794223fc5ecf" AngelObjectType="CLL.S3.Angel.QTI.QTIQuestionBankFolder"><file href="Content\LessonContent\QBFolders\19dbfdea-c844-4cd5-88a7-794223fc5ecf\AngelObj[QTIQuestionBankFolder].xml" /></resource><resource identifier="1143a5e2-bf45-4b4d-9e58-717589a06ec9" AngelObjectType="CLL.S3.Angel.QTI.QTIQuestionBankFolder"><file href="Content\LessonContent\QBFolders\1143a5e2-bf45-4b4d-9e58-717589a06ec9\AngelObj[QTIQuestionBankFolder].xml" /></resource><resource identifier="c1e20f16-fa81-4789-b8e2-7d92dea9a117" AngelObjectType="CLL.S3.Angel.QTI.QTIQuestionBankFolder"><file href="Content\LessonContent\QBFolders\c1e20f16-fa81-4789-b8e2-7d92dea9a117\AngelObj[QTIQuestionBankFolder].xml" /></resource><resource identifier="58e946f3-b659-437c-b20c-ccd787b3eb5e" AngelObjectType="CLL.S3.Angel.QTI.QTIQuestionBankFolder"><file href="Content\LessonContent\QBFolders\58e946f3-b659-437c-b20c-ccd787b3eb5e\AngelObj[QTIQuestionBankFolder].xml" /></resource><resource identifier="440a4c35-4ca6-4f60-9dcc-002f3035a4c8" AngelObjectType="CLL.S3.Angel.QTI.QTIQuestionBankFolder"><file href="Content\LessonContent\QBFolders\440a4c35-4ca6-4f60-9dcc-002f3035a4c8\AngelObj[QTIQuestionBankFolder].xml" /></resource><resource identifier="c2f282e5-88d1-44a4-b0fb-80a96d923e5d" AngelObjectType="CLL.S3.Angel.QTI.QTIQuestionBankFolder"><file href="Content\LessonContent\QBFolders\c2f282e5-88d1-44a4-b0fb-80a96d923e5d\AngelObj[QTIQuestionBankFolder].xml" /></resource><resource identifier="1be45534-6627-4651-83fa-8ba0bddcaad5" AngelObjectType="CLL.S3.Angel.QTI.QTIQuestionBankFolder"><file href="Content\LessonContent\QBFolders\1be45534-6627-4651-83fa-8ba0bddcaad5\AngelObj[QTIQuestionBankFolder].xml" /></resource><resource identifier="b2b7815b-6d33-44e9-aa4b-302668761b3f" AngelObjectType="CLL.S3.Angel.QTI.QTIQuestionBankFolder"><file href="Content\LessonContent\QBFolders\b2b7815b-6d33-44e9-aa4b-302668761b3f\AngelObj[QTIQuestionBankFolder].xml" /></resource><resource identifier="aef15a90-89b9-45cb-a007-a6dd4995cb5e" AngelObjectType="CLL.S3.Angel.QTI.QTIQuestionBankFolder"><file href="Content\LessonContent\QBFolders\aef15a90-89b9-45cb-a007-a6dd4995cb5e\AngelObj[QTIQuestionBankFolder].xml" /></resource><resource identifier="7d6d4709-142f-49be-9b97-a6de841c372d" AngelObjectType="CLL.S3.Angel.QTI.QTIQuestionBankFolder"><file href="Content\LessonContent\QBFolders\7d6d4709-142f-49be-9b97-a6de841c372d\AngelObj[QTIQuestionBankFolder].xml" /></resource><resource identifier="203fab11-fc02-4d6a-a88f-b30bc2bc140b" AngelObjectType="CLL.S3.Angel.QTI.QTIQuestionBankFolder"><file href="Content\LessonContent\QBFolders\203fab11-fc02-4d6a-a88f-b30bc2bc140b\AngelObj[QTIQuestionBankFolder].xml" /></resource><resource identifier="4691223c-8046-4b2a-ab7d-1c5668ae2d0e" AngelObjectType="CLL.S3.Angel.QTI.QTIQuestionBankFolder"><file href="Content\LessonContent\QBFolders\4691223c-8046-4b2a-ab7d-1c5668ae2d0e\AngelObj[QTIQuestionBankFolder].xml" /></resource><resource identifier="95ccbabd-5ebd-477b-ad12-ba1442b0e3eb" AngelObjectType="CLL.S3.Angel.QTI.QTIQuestionBankFolder"><file href="Content\LessonContent\QBFolders\95ccbabd-5ebd-477b-ad12-ba1442b0e3eb\AngelObj[QTIQuestionBankFolder].xml" /></resource><resource identifier="c7c89ad1-262b-4ef2-ad46-b2735f136390" AngelObjectType="CLL.S3.Angel.QTI.QTIQuestionBankFolder"><file href="Content\LessonContent\QBFolders\c7c89ad1-262b-4ef2-ad46-b2735f136390\AngelObj[QTIQuestionBankFolder].xml" /></resource><resource identifier="f8b9fe27-5dd0-4273-a5c5-c1229c278c4b" AngelObjectType="CLL.S3.Angel.QTI.QTIQuestionBankFolder"><file href="Content\LessonContent\QBFolders\f8b9fe27-5dd0-4273-a5c5-c1229c278c4b\AngelObj[QTIQuestionBankFolder].xml" /></resource><resource identifier="ef7ad88e-cc49-4f85-a2e2-d3f39a096e4b" AngelObjectType="CLL.S3.Angel.QTI.QTIQuestionBankFolder"><file href="Content\LessonContent\QBFolders\ef7ad88e-cc49-4f85-a2e2-d3f39a096e4b\AngelObj[QTIQuestionBankFolder].xml" /></resource><resource identifier="987510fb-ffd8-4f54-8847-ed99f0483774" AngelObjectType="CLL.S3.Angel.QTI.QTIQuestionBankFolder"><file href="Content\LessonContent\QBFolders\987510fb-ffd8-4f54-8847-ed99f0483774\AngelObj[QTIQuestionBankFolder].xml" /></resource><resource identifier="a08418cb-c594-418e-9a97-f92a1ef1a7d8" AngelObjectType="CLL.S3.Angel.QTI.QTIQuestionBankFolder"><file href="Content\LessonContent\QBFolders\a08418cb-c594-418e-9a97-f92a1ef1a7d8\AngelObj[QTIQuestionBankFolder].xml" /></resource><resource identifier="d440475b-8420-42e6-a5ef-74699763d285" AngelObjectType="CLL.S3.Angel.QTI.QTIQuestionBankFolder"><file href="Content\LessonContent\QBFolders\d440475b-8420-42e6-a5ef-74699763d285\AngelObj[QTIQuestionBankFolder].xml" /></resource><resource identifier="1a68316a-a8de-472d-a13d-846c12ee87b8" AngelObjectType="CLL.S3.Angel.QTI.QTIQuestionBankFolder"><file href="Content\LessonContent\QBFolders\1a68316a-a8de-472d-a13d-846c12ee87b8\AngelObj[QTIQuestionBankFolder].xml" /></resource><resource identifier="7f44b355-e302-4dea-ac00-946d438a656d" AngelObjectType="CLL.S3.Angel.QTI.QTIQuestionBankFolder"><file href="Content\LessonContent\QBFolders\7f44b355-e302-4dea-ac00-946d438a656d\AngelObj[QTIQuestionBankFolder].xml" /></resource><resource identifier="8802d09a-5853-4db6-a6a3-97bb3f267f7a" AngelObjectType="CLL.S3.Angel.QTI.QTIQuestionBankFolder"><file href="Content\LessonContent\QBFolders\8802d09a-5853-4db6-a6a3-97bb3f267f7a\AngelObj[QTIQuestionBankFolder].xml" /></resource><resource identifier="840bce53-7417-494d-80c4-8d6ba40d9b38" AngelObjectType="CLL.S3.Angel.QTI.QTIQuestionBankFolder"><file href="Content\LessonContent\QBFolders\840bce53-7417-494d-80c4-8d6ba40d9b38\AngelObj[QTIQuestionBankFolder].xml" /></resource><resource identifier="630d8e52-5ae1-44bb-821f-10595d5db1ec" AngelObjectType="CLL.S3.Angel.QTI.QTIQuestionBankFolder"><file href="Content\LessonContent\QBFolders\630d8e52-5ae1-44bb-821f-10595d5db1ec\AngelObj[QTIQuestionBankFolder].xml" /></resource><resource identifier="3ece0c65-52f5-49b3-9d91-c43c07fc4ad0" AngelObjectType="CLL.S3.Angel.QTI.QTIQuestionBankFolder"><file href="Content\LessonContent\QBFolders\3ece0c65-52f5-49b3-9d91-c43c07fc4ad0\AngelObj[QTIQuestionBankFolder].xml" /></resource><resource identifier="e0c473e2-bc84-4df7-aa6d-631b884242df" AngelObjectType="CLL.S3.Angel.QTI.QTIQuestionBankFolder"><file href="Content\LessonContent\QBFolders\e0c473e2-bc84-4df7-aa6d-631b884242df\AngelObj[QTIQuestionBankFolder].xml" /></resource><resource identifier="c3a2ce35-44bf-4f74-81fa-974300fa31b4" AngelObjectType="CLL.S3.Angel.QTI.QTIQuestionBankFolder"><file href="Content\LessonContent\QBFolders\c3a2ce35-44bf-4f74-81fa-974300fa31b4\AngelObj[QTIQuestionBankFolder].xml" /></resource><resource identifier="Assessments"><dependency identifierref="20EB81E28AC14A69ADC44FA2F3FDF2EE" /><dependency identifierref="DE824113AEBA4A56B57DD9D535034D06" /><dependency identifierref="0820196A690C44A8B4597621EDCEFD7A" /><dependency identifierref="3EAD9622BAFD43B1A2A4BBC82C9E7E49" /></resource><resource identifier="20EB81E28AC14A69ADC44FA2F3FDF2EE" AngelObjectType="CLL.S3.Angel.LearningObjects.Assessment"><file href="Content\LessonContent\Assessments\94ae8ff6-568b-48e2-b553-1872af56ba75\AngelObj[Assessment].xml" /></resource><resource identifier="DE824113AEBA4A56B57DD9D535034D06" AngelObjectType="CLL.S3.Angel.LearningObjects.Assessment"><file href="Content\LessonContent\Assessments\440a4c35-4ca6-4f60-9dcc-002f3035a4c8\AngelObj[Assessment].xml" /></resource><resource identifier="0820196A690C44A8B4597621EDCEFD7A" AngelObjectType="CLL.S3.Angel.LearningObjects.Assessment"><file href="Content\LessonContent\Assessments\630d8e52-5ae1-44bb-821f-10595d5db1ec\AngelObj[Assessment].xml" /></resource><resource identifier="3EAD9622BAFD43B1A2A4BBC82C9E7E49" AngelObjectType="CLL.S3.Angel.LearningObjects.Assessment"><file href="Content\LessonContent\Assessments\9d28d84b-f4a2-4fc9-83e2-236c170c9341\AngelObj[Assessment].xml" /></resource><resource identifier="ContentLinks"><dependency identifierref="04A7810E7E134AFC94AA5EFC90C5ED17" /><dependency identifierref="0527F85B060F4742B0A710F2359A592B" /><dependency identifierref="052BEDFA4C5D4C8ABFD9ACE7D39C9C09" /><dependency identifierref="0FE59FDF748D455DBAF75C7E529E6C3B" /><dependency identifierref="110FABAE6107443785AB651BFBEC61CE" /><dependency identifierref="17B4A87E473844BD80709E7CA232610E" /><dependency identifierref="1EBA920414984FF48508F76A26E9B38F" /><dependency identifierref="25E30574036F4291AF17E2BDB8CE2461" /><dependency identifierref="2A539188F52942EA87CFCCC984A14763" /><dependency identifierref="2ADEC61EEC7640EC80F987F5C8068CBD" /><dependency identifierref="40B067A31839443489BC892D26AAD628" /><dependency identifierref="443AC37594B443DA873857D89DC9349F" /><dependency identifierref="449E0834EE9D41A49668B84063549DB6" /><dependency identifierref="4AD9091BE45342C9A6DB4383EB432406" /><dependency identifierref="4B04FE67DE1847388F8E5079274F52BA" /><dependency identifierref="565557265A6C4688A789C2B8A2A03590" /><dependency identifierref="5C8CFE6D6DA2418CBB4B8E77D17CCAD6" /><dependency identifierref="7E02A85D598D4258AC5A8DB97126A3FB" /><dependency identifierref="869CFBD011184343A91E60841FF1DAFE" /><dependency identifierref="8B7E822B082E45AEA7EC477849D651C4" /><dependency identifierref="8DC85A47E468498A83995C02AE0A6448" /><dependency identifierref="9BB86D8210C047A9BEDF127256349889" /><dependency identifierref="A8332E758C484632BBA1E8BDA7272E25" /><dependency identifierref="AE52FC676388435F81233365A0537A54" /><dependency identifierref="AF42B369A8A844BE86E2C2DAAE06D47D" /><dependency identifierref="B309F42149DB4930AAEC2F4BE7369DC5" /><dependency identifierref="C188C5CCB6C145B483674EF844C8D840" /><dependency identifierref="C23382D34EBE466F93E505560C666C8A" /><dependency identifierref="C6B6CE47CF0E43DE94626C4A871CE997" /><dependency identifierref="D623AD33EDB14DA9995367095A1CDB83" /><dependency identifierref="D7C3D19E86DD4573A6B1B8A3A6B7129D" /><dependency identifierref="E3A5E54B6F414B6E83924C4A92A8CEEF" /><dependency identifierref="E7A3EECA2F47466CBE108014D98C76FA" /><dependency identifierref="FB373C41F111404C819F82C88CD6E8C4" /></resource><resource identifier="04A7810E7E134AFC94AA5EFC90C5ED17" AngelObjectType="CLL.S3.Angel.LearningObjects.AngelContentLink"><file href="Content\LessonContent\AngelContentLinks\04A7810E7E134AFC94AA5EFC90C5ED17\AngelObj[AngelContentLink].xml" /></resource><resource identifier="0527F85B060F4742B0A710F2359A592B" AngelObjectType="CLL.S3.Angel.LearningObjects.AngelContentLink"><file href="Content\LessonContent\AngelContentLinks\0527F85B060F4742B0A710F2359A592B\AngelObj[AngelContentLink].xml" /></resource><resource identifier="052BEDFA4C5D4C8ABFD9ACE7D39C9C09" AngelObjectType="CLL.S3.Angel.LearningObjects.AngelContentLink"><file href="Content\LessonContent\AngelContentLinks\052BEDFA4C5D4C8ABFD9ACE7D39C9C09\AngelObj[AngelContentLink].xml" /></resource><resource identifier="0FE59FDF748D455DBAF75C7E529E6C3B" AngelObjectType="CLL.S3.Angel.LearningObjects.AngelContentLink"><file href="Content\LessonContent\AngelContentLinks\0FE59FDF748D455DBAF75C7E529E6C3B\AngelObj[AngelContentLink].xml" /></resource><resource identifier="110FABAE6107443785AB651BFBEC61CE" AngelObjectType="CLL.S3.Angel.LearningObjects.AngelContentLink"><file href="Content\LessonContent\AngelContentLinks\110FABAE6107443785AB651BFBEC61CE\AngelObj[AngelContentLink].xml" /></resource><resource identifier="17B4A87E473844BD80709E7CA232610E" AngelObjectType="CLL.S3.Angel.LearningObjects.AngelContentLink"><file href="Content\LessonContent\AngelContentLinks\17B4A87E473844BD80709E7CA232610E\AngelObj[AngelContentLink].xml" /></resource><resource identifier="1EBA920414984FF48508F76A26E9B38F" AngelObjectType="CLL.S3.Angel.LearningObjects.AngelContentLink"><file href="Content\LessonContent\AngelContentLinks\1EBA920414984FF48508F76A26E9B38F\AngelObj[AngelContentLink].xml" /></resource><resource identifier="25E30574036F4291AF17E2BDB8CE2461" AngelObjectType="CLL.S3.Angel.LearningObjects.AngelContentLink"><file href="Content\LessonContent\AngelContentLinks\25E30574036F4291AF17E2BDB8CE2461\AngelObj[AngelContentLink].xml" /></resource><resource identifier="2A539188F52942EA87CFCCC984A14763" AngelObjectType="CLL.S3.Angel.LearningObjects.AngelContentLink"><file href="Content\LessonContent\AngelContentLinks\2A539188F52942EA87CFCCC984A14763\AngelObj[AngelContentLink].xml" /></resource><resource identifier="2ADEC61EEC7640EC80F987F5C8068CBD" AngelObjectType="CLL.S3.Angel.LearningObjects.AngelContentLink"><file href="Content\LessonContent\AngelContentLinks\2ADEC61EEC7640EC80F987F5C8068CBD\AngelObj[AngelContentLink].xml" /></resource><resource identifier="40B067A31839443489BC892D26AAD628" AngelObjectType="CLL.S3.Angel.LearningObjects.AngelContentLink"><file href="Content\LessonContent\AngelContentLinks\40B067A31839443489BC892D26AAD628\AngelObj[AngelContentLink].xml" /></resource><resource identifier="443AC37594B443DA873857D89DC9349F" AngelObjectType="CLL.S3.Angel.LearningObjects.AngelContentLink"><file href="Content\LessonContent\AngelContentLinks\443AC37594B443DA873857D89DC9349F\AngelObj[AngelContentLink].xml" /></resource><resource identifier="449E0834EE9D41A49668B84063549DB6" AngelObjectType="CLL.S3.Angel.LearningObjects.AngelContentLink"><file href="Content\LessonContent\AngelContentLinks\449E0834EE9D41A49668B84063549DB6\AngelObj[AngelContentLink].xml" /></resource><resource identifier="4AD9091BE45342C9A6DB4383EB432406" AngelObjectType="CLL.S3.Angel.LearningObjects.AngelContentLink"><file href="Content\LessonContent\AngelContentLinks\4AD9091BE45342C9A6DB4383EB432406\AngelObj[AngelContentLink].xml" /></resource><resource identifier="4B04FE67DE1847388F8E5079274F52BA" AngelObjectType="CLL.S3.Angel.LearningObjects.AngelContentLink"><file href="Content\LessonContent\AngelContentLinks\4B04FE67DE1847388F8E5079274F52BA\AngelObj[AngelContentLink].xml" /></resource><resource identifier="565557265A6C4688A789C2B8A2A03590" AngelObjectType="CLL.S3.Angel.LearningObjects.AngelContentLink"><file href="Content\LessonContent\AngelContentLinks\565557265A6C4688A789C2B8A2A03590\AngelObj[AngelContentLink].xml" /></resource><resource identifier="5C8CFE6D6DA2418CBB4B8E77D17CCAD6" AngelObjectType="CLL.S3.Angel.LearningObjects.AngelContentLink"><file href="Content\LessonContent\AngelContentLinks\5C8CFE6D6DA2418CBB4B8E77D17CCAD6\AngelObj[AngelContentLink].xml" /></resource><resource identifier="7E02A85D598D4258AC5A8DB97126A3FB" AngelObjectType="CLL.S3.Angel.LearningObjects.AngelContentLink"><file href="Content\LessonContent\AngelContentLinks\7E02A85D598D4258AC5A8DB97126A3FB\AngelObj[AngelContentLink].xml" /></resource><resource identifier="869CFBD011184343A91E60841FF1DAFE" AngelObjectType="CLL.S3.Angel.LearningObjects.AngelContentLink"><file href="Content\LessonContent\AngelContentLinks\869CFBD011184343A91E60841FF1DAFE\AngelObj[AngelContentLink].xml" /></resource><resource identifier="8B7E822B082E45AEA7EC477849D651C4" AngelObjectType="CLL.S3.Angel.LearningObjects.AngelContentLink"><file href="Content\LessonContent\AngelContentLinks\8B7E822B082E45AEA7EC477849D651C4\AngelObj[AngelContentLink].xml" /></resource><resource identifier="8DC85A47E468498A83995C02AE0A6448" AngelObjectType="CLL.S3.Angel.LearningObjects.AngelContentLink"><file href="Content\LessonContent\AngelContentLinks\8DC85A47E468498A83995C02AE0A6448\AngelObj[AngelContentLink].xml" /></resource><resource identifier="9BB86D8210C047A9BEDF127256349889" AngelObjectType="CLL.S3.Angel.LearningObjects.AngelContentLink"><file href="Content\LessonContent\AngelContentLinks\9BB86D8210C047A9BEDF127256349889\AngelObj[AngelContentLink].xml" /></resource><resource identifier="A8332E758C484632BBA1E8BDA7272E25" AngelObjectType="CLL.S3.Angel.LearningObjects.AngelContentLink"><file href="Content\LessonContent\AngelContentLinks\A8332E758C484632BBA1E8BDA7272E25\AngelObj[AngelContentLink].xml" /></resource><resource identifier="AE52FC676388435F81233365A0537A54" AngelObjectType="CLL.S3.Angel.LearningObjects.AngelContentLink"><file href="Content\LessonContent\AngelContentLinks\AE52FC676388435F81233365A0537A54\AngelObj[AngelContentLink].xml" /></resource><resource identifier="AF42B369A8A844BE86E2C2DAAE06D47D" AngelObjectType="CLL.S3.Angel.LearningObjects.AngelContentLink"><file href="Content\LessonContent\AngelContentLinks\AF42B369A8A844BE86E2C2DAAE06D47D\AngelObj[AngelContentLink].xml" /></resource><resource identifier="B309F42149DB4930AAEC2F4BE7369DC5" AngelObjectType="CLL.S3.Angel.LearningObjects.AngelContentLink"><file href="Content\LessonContent\AngelContentLinks\B309F42149DB4930AAEC2F4BE7369DC5\AngelObj[AngelContentLink].xml" /></resource><resource identifier="C188C5CCB6C145B483674EF844C8D840" AngelObjectType="CLL.S3.Angel.LearningObjects.AngelContentLink"><file href="Content\LessonContent\AngelContentLinks\C188C5CCB6C145B483674EF844C8D840\AngelObj[AngelContentLink].xml" /></resource><resource identifier="C23382D34EBE466F93E505560C666C8A" AngelObjectType="CLL.S3.Angel.LearningObjects.AngelContentLink"><file href="Content\LessonContent\AngelContentLinks\C23382D34EBE466F93E505560C666C8A\AngelObj[AngelContentLink].xml" /></resource><resource identifier="C6B6CE47CF0E43DE94626C4A871CE997" AngelObjectType="CLL.S3.Angel.LearningObjects.AngelContentLink"><file href="Content\LessonContent\AngelContentLinks\C6B6CE47CF0E43DE94626C4A871CE997\AngelObj[AngelContentLink].xml" /></resource><resource identifier="D623AD33EDB14DA9995367095A1CDB83" AngelObjectType="CLL.S3.Angel.LearningObjects.AngelContentLink"><file href="Content\LessonContent\AngelContentLinks\D623AD33EDB14DA9995367095A1CDB83\AngelObj[AngelContentLink].xml" /></resource><resource identifier="D7C3D19E86DD4573A6B1B8A3A6B7129D" AngelObjectType="CLL.S3.Angel.LearningObjects.AngelContentLink"><file href="Content\LessonContent\AngelContentLinks\D7C3D19E86DD4573A6B1B8A3A6B7129D\AngelObj[AngelContentLink].xml" /></resource><resource identifier="E3A5E54B6F414B6E83924C4A92A8CEEF" AngelObjectType="CLL.S3.Angel.LearningObjects.AngelContentLink"><file href="Content\LessonContent\AngelContentLinks\E3A5E54B6F414B6E83924C4A92A8CEEF\AngelObj[AngelContentLink].xml" /></resource><resource identifier="E7A3EECA2F47466CBE108014D98C76FA" AngelObjectType="CLL.S3.Angel.LearningObjects.AngelContentLink"><file href="Content\LessonContent\AngelContentLinks\E7A3EECA2F47466CBE108014D98C76FA\AngelObj[AngelContentLink].xml" /></resource><resource identifier="FB373C41F111404C819F82C88CD6E8C4" AngelObjectType="CLL.S3.Angel.LearningObjects.AngelContentLink"><file href="Content\LessonContent\AngelContentLinks\FB373C41F111404C819F82C88CD6E8C4\AngelObj[AngelContentLink].xml" /></resource><resource identifier="ContentPages"><dependency identifierref="042F9892791E4F38BF2A977A8B339CED" /><dependency identifierref="2883404431F24629B4E8029D4C0646D9" /><dependency identifierref="38DEEFB697964943B9B876D93C14EB38" /><dependency identifierref="6124DD2DCA9D4A34977114DB5949F8B9" /><dependency identifierref="7AC85AA08D1040CB92841842F414C7D6" /><dependency identifierref="E10172CDE423480A8CB1C841E9C44EAA" /><dependency identifierref="E578089E00DE4167BBA7F56F5ECBDBA6" /></resource><resource identifier="042F9892791E4F38BF2A977A8B339CED" AngelObjectType="CLL.S3.Angel.LearningObjects.AngelContentPage"><file href="Content\LessonContent\AngelContentPages\042F9892791E4F38BF2A977A8B339CED\AngelObj[AngelContentPage].xml" /></resource><resource identifier="2883404431F24629B4E8029D4C0646D9" AngelObjectType="CLL.S3.Angel.LearningObjects.AngelContentPage"><file href="Content\LessonContent\AngelContentPages\2883404431F24629B4E8029D4C0646D9\AngelObj[AngelContentPage].xml" /></resource><resource identifier="38DEEFB697964943B9B876D93C14EB38" AngelObjectType="CLL.S3.Angel.LearningObjects.AngelContentPage"><file href="Content\LessonContent\AngelContentPages\38DEEFB697964943B9B876D93C14EB38\AngelObj[AngelContentPage].xml" /></resource><resource identifier="6124DD2DCA9D4A34977114DB5949F8B9" AngelObjectType="CLL.S3.Angel.LearningObjects.AngelContentPage"><file href="Content\LessonContent\AngelContentPages\6124DD2DCA9D4A34977114DB5949F8B9\AngelObj[AngelContentPage].xml" /></resource><resource identifier="7AC85AA08D1040CB92841842F414C7D6" AngelObjectType="CLL.S3.Angel.LearningObjects.AngelContentPage"><file href="Content\LessonContent\AngelContentPages\7AC85AA08D1040CB92841842F414C7D6\AngelObj[AngelContentPage].xml" /></resource><resource identifier="E10172CDE423480A8CB1C841E9C44EAA" AngelObjectType="CLL.S3.Angel.LearningObjects.AngelContentPage"><file href="Content\LessonContent\AngelContentPages\E10172CDE423480A8CB1C841E9C44EAA\AngelObj[AngelContentPage].xml" /></resource><resource identifier="E578089E00DE4167BBA7F56F5ECBDBA6" AngelObjectType="CLL.S3.Angel.LearningObjects.AngelContentPage"><file href="Content\LessonContent\AngelContentPages\E578089E00DE4167BBA7F56F5ECBDBA6\AngelObj[AngelContentPage].xml" /></resource><resource identifier="DropBoxes"><dependency identifierref="0EABE44D862B4671B6BCAEF84CA0BA7D" /><dependency identifierref="9CDBE4CC79DE43EEB42C1289441F55CC" /><dependency identifierref="C1CFF0EA171649698588D5E0EB436BD0" /><dependency identifierref="D44834443598453FB6AEA4769C0FD9FC" /><dependency identifierref="D4BB6F2C99934334A1673720B68B3F5C" /><dependency identifierref="F131E7BD345646DDB287D1FEAFB95016" /></resource><resource identifier="0EABE44D862B4671B6BCAEF84CA0BA7D" AngelObjectType="CLL.S3.Angel.LearningObjects.AngelDropBox"><file href="Content\LessonContent\DropBoxes\0EABE44D862B4671B6BCAEF84CA0BA7D\AngelObj[AngelDropBox].xml" /></resource><resource identifier="9CDBE4CC79DE43EEB42C1289441F55CC" AngelObjectType="CLL.S3.Angel.LearningObjects.AngelDropBox"><file href="Content\LessonContent\DropBoxes\9CDBE4CC79DE43EEB42C1289441F55CC\AngelObj[AngelDropBox].xml" /></resource><resource identifier="C1CFF0EA171649698588D5E0EB436BD0" AngelObjectType="CLL.S3.Angel.LearningObjects.AngelDropBox"><file href="Content\LessonContent\DropBoxes\C1CFF0EA171649698588D5E0EB436BD0\AngelObj[AngelDropBox].xml" /></resource><resource identifier="D44834443598453FB6AEA4769C0FD9FC" AngelObjectType="CLL.S3.Angel.LearningObjects.AngelDropBox"><file href="Content\LessonContent\DropBoxes\D44834443598453FB6AEA4769C0FD9FC\AngelObj[AngelDropBox].xml" /></resource><resource identifier="D4BB6F2C99934334A1673720B68B3F5C" AngelObjectType="CLL.S3.Angel.LearningObjects.AngelDropBox"><file href="Content\LessonContent\DropBoxes\D4BB6F2C99934334A1673720B68B3F5C\AngelObj[AngelDropBox].xml" /></resource><resource identifier="F131E7BD345646DDB287D1FEAFB95016" AngelObjectType="CLL.S3.Angel.LearningObjects.AngelDropBox"><file href="Content\LessonContent\DropBoxes\F131E7BD345646DDB287D1FEAFB95016\AngelObj[AngelDropBox].xml" /></resource><resource identifier="ContentFiles"><dependency identifierref="0795668899C14DDE825033C8D41AC1A4" /><dependency identifierref="3206EAB1D5574E048A7B6B8988F43407" /><dependency identifierref="35B00693F39C40FD98E4224A9C555A90" /><dependency identifierref="3E49E30C7DDA414893513B01E93D333D" /><dependency identifierref="470FF32A362743C894034331AF882869" /><dependency identifierref="5293664947A9441D9E99AE26EF5D977F" /><dependency identifierref="5E9F8F9931EC4134B0F0BED3A889B2C1" /><dependency identifierref="6E94E4A8B99746618E776C6F790907E3" /><dependency identifierref="751D948A44CE44DB86CB69A0AA3F2C36" /><dependency identifierref="7EC7DA83EBA04C4B95A888197EB2B8DB" /><dependency identifierref="888A85C871D647279176ED2945AFD60F" /><dependency identifierref="A12102703ECF492898354B1AFD3F1A5A" /><dependency identifierref="A380F315DC5B4B91BECB1D2B1C603632" /><dependency identifierref="A3AA9A4D81A742CBAAA7CE8F1F860FD0" /><dependency identifierref="BA971D2FB93B4763942D7997E9954B94" /><dependency identifierref="E5558B5D76EE4B389F81B276EFF94F9C" /><dependency identifierref="E6E3F8C908F2485AABE1F9F327F41D24" /><dependency identifierref="F3F04B7C4762450C9693BBACFE872574" /></resource><resource identifier="0795668899C14DDE825033C8D41AC1A4" AngelObjectType="CLL.S3.Angel.LearningObjects.AngelContentFile"><file href="Content\LessonContent\AngelContentFiles\0795668899C14DDE825033C8D41AC1A4\AngelObj[AngelContentFile].xml" /></resource><resource identifier="3206EAB1D5574E048A7B6B8988F43407" AngelObjectType="CLL.S3.Angel.LearningObjects.AngelContentFile"><file href="Content\LessonContent\AngelContentFiles\3206EAB1D5574E048A7B6B8988F43407\AngelObj[AngelContentFile].xml" /></resource><resource identifier="35B00693F39C40FD98E4224A9C555A90" AngelObjectType="CLL.S3.Angel.LearningObjects.AngelContentFile"><file href="Content\LessonContent\AngelContentFiles\35B00693F39C40FD98E4224A9C555A90\AngelObj[AngelContentFile].xml" /></resource><resource identifier="3E49E30C7DDA414893513B01E93D333D" AngelObjectType="CLL.S3.Angel.LearningObjects.AngelContentFile"><file href="Content\LessonContent\AngelContentFiles\3E49E30C7DDA414893513B01E93D333D\AngelObj[AngelContentFile].xml" /></resource><resource identifier="470FF32A362743C894034331AF882869" AngelObjectType="CLL.S3.Angel.LearningObjects.AngelContentFile"><file href="Content\LessonContent\AngelContentFiles\470FF32A362743C894034331AF882869\AngelObj[AngelContentFile].xml" /></resource><resource identifier="5293664947A9441D9E99AE26EF5D977F" AngelObjectType="CLL.S3.Angel.LearningObjects.AngelContentFile"><file href="Content\LessonContent\AngelContentFiles\5293664947A9441D9E99AE26EF5D977F\AngelObj[AngelContentFile].xml" /></resource><resource identifier="5E9F8F9931EC4134B0F0BED3A889B2C1" AngelObjectType="CLL.S3.Angel.LearningObjects.AngelContentFile"><file href="Content\LessonContent\AngelContentFiles\5E9F8F9931EC4134B0F0BED3A889B2C1\AngelObj[AngelContentFile].xml" /></resource><resource identifier="6E94E4A8B99746618E776C6F790907E3" AngelObjectType="CLL.S3.Angel.LearningObjects.AngelContentFile"><file href="Content\LessonContent\AngelContentFiles\6E94E4A8B99746618E776C6F790907E3\AngelObj[AngelContentFile].xml" /></resource><resource identifier="751D948A44CE44DB86CB69A0AA3F2C36" AngelObjectType="CLL.S3.Angel.LearningObjects.AngelContentFile"><file href="Content\LessonContent\AngelContentFiles\751D948A44CE44DB86CB69A0AA3F2C36\AngelObj[AngelContentFile].xml" /></resource><resource identifier="7EC7DA83EBA04C4B95A888197EB2B8DB" AngelObjectType="CLL.S3.Angel.LearningObjects.AngelContentFile"><file href="Content\LessonContent\AngelContentFiles\7EC7DA83EBA04C4B95A888197EB2B8DB\AngelObj[AngelContentFile].xml" /></resource><resource identifier="888A85C871D647279176ED2945AFD60F" AngelObjectType="CLL.S3.Angel.LearningObjects.AngelContentFile"><file href="Content\LessonContent\AngelContentFiles\888A85C871D647279176ED2945AFD60F\AngelObj[AngelContentFile].xml" /></resource><resource identifier="A12102703ECF492898354B1AFD3F1A5A" AngelObjectType="CLL.S3.Angel.LearningObjects.AngelContentFile"><file href="Content\LessonContent\AngelContentFiles\A12102703ECF492898354B1AFD3F1A5A\AngelObj[AngelContentFile].xml" /></resource><resource identifier="A380F315DC5B4B91BECB1D2B1C603632" AngelObjectType="CLL.S3.Angel.LearningObjects.AngelContentFile"><file href="Content\LessonContent\AngelContentFiles\A380F315DC5B4B91BECB1D2B1C603632\AngelObj[AngelContentFile].xml" /></resource><resource identifier="A3AA9A4D81A742CBAAA7CE8F1F860FD0" AngelObjectType="CLL.S3.Angel.LearningObjects.AngelContentFile"><file href="Content\LessonContent\AngelContentFiles\A3AA9A4D81A742CBAAA7CE8F1F860FD0\AngelObj[AngelContentFile].xml" /></resource><resource identifier="BA971D2FB93B4763942D7997E9954B94" AngelObjectType="CLL.S3.Angel.LearningObjects.AngelContentFile"><file href="Content\LessonContent\AngelContentFiles\BA971D2FB93B4763942D7997E9954B94\AngelObj[AngelContentFile].xml" /></resource><resource identifier="E5558B5D76EE4B389F81B276EFF94F9C" AngelObjectType="CLL.S3.Angel.LearningObjects.AngelContentFile"><file href="Content\LessonContent\AngelContentFiles\E5558B5D76EE4B389F81B276EFF94F9C\AngelObj[AngelContentFile].xml" /></resource><resource identifier="E6E3F8C908F2485AABE1F9F327F41D24" AngelObjectType="CLL.S3.Angel.LearningObjects.AngelContentFile"><file href="Content\LessonContent\AngelContentFiles\E6E3F8C908F2485AABE1F9F327F41D24\AngelObj[AngelContentFile].xml" /></resource><resource identifier="F3F04B7C4762450C9693BBACFE872574" AngelObjectType="CLL.S3.Angel.LearningObjects.AngelContentFile"><file href="Content\LessonContent\AngelContentFiles\F3F04B7C4762450C9693BBACFE872574\AngelObj[AngelContentFile].xml" /></resource><resource identifier="Folders"><dependency identifierref="0A878CD39A174261BC2C9EEB962604C5" /><dependency identifierref="1439202B17ED4E4EAC34BCE778E84108" /><dependency identifierref="145A041310AB4EFDB2A356F90821EF5F" /><dependency identifierref="42EA33C24BCC44B3BB89FC4BAC26CF1D" /><dependency identifierref="4F57A957642E4D53B81D951D08065169" /><dependency identifierref="5EB92F54D0C04A0CB57D27AB4DA03816" /><dependency identifierref="6E6672DC162D43F0813F3616AAF5A656" /><dependency identifierref="7620DC5E5BC1406FA5BCFEC3F0AA912E" /><dependency identifierref="7DE3D920FDCD403285B79153EE5C6789" /><dependency identifierref="A61D089A6D424A2590633A76428E0A24" /><dependency identifierref="DFD88FBFCC7645C5B1D59BC8AF15861C" /><dependency identifierref="EC93797845EB4896B99FFB869D2BD44A" /></resource><resource identifier="0A878CD39A174261BC2C9EEB962604C5" AngelObjectType="CLL.S3.Angel.LearningObjects.Folder"><file href="Content\LessonContent\Folders\0A878CD39A174261BC2C9EEB962604C5\AngelObj[Folder].xml" /></resource><resource identifier="1439202B17ED4E4EAC34BCE778E84108" AngelObjectType="CLL.S3.Angel.LearningObjects.Folder"><file href="Content\LessonContent\Folders\1439202B17ED4E4EAC34BCE778E84108\AngelObj[Folder].xml" /></resource><resource identifier="145A041310AB4EFDB2A356F90821EF5F" AngelObjectType="CLL.S3.Angel.LearningObjects.Folder"><file href="Content\LessonContent\Folders\145A041310AB4EFDB2A356F90821EF5F\AngelObj[Folder].xml" /></resource><resource identifier="42EA33C24BCC44B3BB89FC4BAC26CF1D" AngelObjectType="CLL.S3.Angel.LearningObjects.Folder"><file href="Content\LessonContent\Folders\42EA33C24BCC44B3BB89FC4BAC26CF1D\AngelObj[Folder].xml" /></resource><resource identifier="4F57A957642E4D53B81D951D08065169" AngelObjectType="CLL.S3.Angel.LearningObjects.Folder"><file href="Content\LessonContent\Folders\4F57A957642E4D53B81D951D08065169\AngelObj[Folder].xml" /></resource><resource identifier="5EB92F54D0C04A0CB57D27AB4DA03816" AngelObjectType="CLL.S3.Angel.LearningObjects.Folder"><file href="Content\LessonContent\Folders\5EB92F54D0C04A0CB57D27AB4DA03816\AngelObj[Folder].xml" /></resource><resource identifier="6E6672DC162D43F0813F3616AAF5A656" AngelObjectType="CLL.S3.Angel.LearningObjects.Folder"><file href="Content\LessonContent\Folders\6E6672DC162D43F0813F3616AAF5A656\AngelObj[Folder].xml" /></resource><resource identifier="7620DC5E5BC1406FA5BCFEC3F0AA912E" AngelObjectType="CLL.S3.Angel.LearningObjects.Folder"><file href="Content\LessonContent\Folders\7620DC5E5BC1406FA5BCFEC3F0AA912E\AngelObj[Folder].xml" /></resource><resource identifier="7DE3D920FDCD403285B79153EE5C6789" AngelObjectType="CLL.S3.Angel.LearningObjects.Folder"><file href="Content\LessonContent\Folders\7DE3D920FDCD403285B79153EE5C6789\AngelObj[Folder].xml" /></resource><resource identifier="A61D089A6D424A2590633A76428E0A24" AngelObjectType="CLL.S3.Angel.LearningObjects.Folder"><file href="Content\LessonContent\Folders\A61D089A6D424A2590633A76428E0A24\AngelObj[Folder].xml" /></resource><resource identifier="DFD88FBFCC7645C5B1D59BC8AF15861C" AngelObjectType="CLL.S3.Angel.LearningObjects.Folder"><file href="Content\LessonContent\Folders\DFD88FBFCC7645C5B1D59BC8AF15861C\AngelObj[Folder].xml" /></resource><resource identifier="EC93797845EB4896B99FFB869D2BD44A" AngelObjectType="CLL.S3.Angel.LearningObjects.Folder"><file href="Content\LessonContent\Folders\EC93797845EB4896B99FFB869D2BD44A\AngelObj[Folder].xml" /></resource><resource identifier="Permalinks" AngelObjectType="CLL.S3.Angel.Permalinks.PermalinkCollection"><file href="Content\PermalinkCollection\AngelObj[PermalinkCollection].xml" /></resource><resource identifier="GenericContentItems" /><resource identifier="Syllabus" AngelObjectType="CLL.S3.Angel.Courses.Syllabus"><file href="Content\Syllabus\Syllabus\AngelObj[Syllabus].xml" /></resource><resource identifier="CalendarEvents" AngelObjectType="CLL.S3.Angel.Courses.CalendarCollection"><file href="Content\Calendar Events\CalendarCollection\AngelObj[CalendarCollection].xml" /></resource><resource identifier="RecurringCalendarEvents" AngelObjectType="CLL.S3.Angel.Courses.CalendarRecurringCollection"><file href="Content\Calendar Events\CalendarRecurringCollection\AngelObj[CalendarRecurringCollection].xml" /></resource><resource identifier="Teams" AngelObjectType="CLL.S3.Angel.TeamCollection"><file href="General\Teams\TeamCollection\AngelObj[TeamCollection].xml" /></resource><resource identifier="Gradebook" AngelObjectType="CLL.S3.Angel.Gradebook.Gradebook"><file href="Gradebook\AngelObj[Gradebook].xml" /></resource><resource identifier="GradebookScales" AngelObjectType="CLL.S3.Angel.Gradebook.ScaleCollection"><file href="Gradebook\GradebookScales\ScaleCollection\AngelObj[ScaleCollection].xml" /></resource><resource identifier="GradebookAssignments" AngelObjectType="CLL.S3.Angel.Gradebook.AssignmentCollection"><file href="AssignmentCollection\AngelObj[AssignmentCollection].xml" /></resource><resource identifier="Agents" AngelObjectType="CLL.S3.Angel.Agents.AgentCollection"><file href="General\Agents\AngelObj[AgentCollection].xml" /></resource><resource identifier="Reports" AngelObjectType="CLL.S3.Angel.Courses.AngelReportCollection"><file href="General\Reports\AngelObj[AngelReportCollection].xml" /></resource><resource identifier="LessonAccessCollections"><resource identifier="LessonAccessCollection" AngelObjectType="CLL.S3.Angel.Lesson.LessonAccessCollection"><file href="LessonAccessCollection\AngelObj[LessonAccessCollection]_042F9892791E4F38BF2A977A8B339CED.xml" /></resource><resource identifier="LessonAccessCollection" AngelObjectType="CLL.S3.Angel.Lesson.LessonAccessCollection"><file href="LessonAccessCollection\AngelObj[LessonAccessCollection]_04A7810E7E134AFC94AA5EFC90C5ED17.xml" /></resource><resource identifier="LessonAccessCollection" AngelObjectType="CLL.S3.Angel.Lesson.LessonAccessCollection"><file href="LessonAccessCollection\AngelObj[LessonAccessCollection]_0527F85B060F4742B0A710F2359A592B.xml" /></resource><resource identifier="LessonAccessCollection" AngelObjectType="CLL.S3.Angel.Lesson.LessonAccessCollection"><file href="LessonAccessCollection\AngelObj[LessonAccessCollection]_052BEDFA4C5D4C8ABFD9ACE7D39C9C09.xml" /></resource><resource identifier="LessonAccessCollection" AngelObjectType="CLL.S3.Angel.Lesson.LessonAccessCollection"><file href="LessonAccessCollection\AngelObj[LessonAccessCollection]_0795668899C14DDE825033C8D41AC1A4.xml" /></resource><resource identifier="LessonAccessCollection" AngelObjectType="CLL.S3.Angel.Lesson.LessonAccessCollection"><file href="LessonAccessCollection\AngelObj[LessonAccessCollection]_0820196A690C44A8B4597621EDCEFD7A.xml" /></resource><resource identifier="LessonAccessCollection" AngelObjectType="CLL.S3.Angel.Lesson.LessonAccessCollection"><file href="LessonAccessCollection\AngelObj[LessonAccessCollection]_0A878CD39A174261BC2C9EEB962604C5.xml" /></resource><resource identifier="LessonAccessCollection" AngelObjectType="CLL.S3.Angel.Lesson.LessonAccessCollection"><file href="LessonAccessCollection\AngelObj[LessonAccessCollection]_0EABE44D862B4671B6BCAEF84CA0BA7D.xml" /></resource><resource identifier="LessonAccessCollection" AngelObjectType="CLL.S3.Angel.Lesson.LessonAccessCollection"><file href="LessonAccessCollection\AngelObj[LessonAccessCollection]_0FE59FDF748D455DBAF75C7E529E6C3B.xml" /></resource><resource identifier="LessonAccessCollection" AngelObjectType="CLL.S3.Angel.Lesson.LessonAccessCollection"><file href="LessonAccessCollection\AngelObj[LessonAccessCollection]_110FABAE6107443785AB651BFBEC61CE.xml" /></resource><resource identifier="LessonAccessCollection" AngelObjectType="CLL.S3.Angel.Lesson.LessonAccessCollection"><file href="LessonAccessCollection\AngelObj[LessonAccessCollection]_1439202B17ED4E4EAC34BCE778E84108.xml" /></resource><resource identifier="LessonAccessCollection" AngelObjectType="CLL.S3.Angel.Lesson.LessonAccessCollection"><file href="LessonAccessCollection\AngelObj[LessonAccessCollection]_145A041310AB4EFDB2A356F90821EF5F.xml" /></resource><resource identifier="LessonAccessCollection" AngelObjectType="CLL.S3.Angel.Lesson.LessonAccessCollection"><file href="LessonAccessCollection\AngelObj[LessonAccessCollection]_17B4A87E473844BD80709E7CA232610E.xml" /></resource><resource identifier="LessonAccessCollection" AngelObjectType="CLL.S3.Angel.Lesson.LessonAccessCollection"><file href="LessonAccessCollection\AngelObj[LessonAccessCollection]_1EBA920414984FF48508F76A26E9B38F.xml" /></resource><resource identifier="LessonAccessCollection" AngelObjectType="CLL.S3.Angel.Lesson.LessonAccessCollection"><file href="LessonAccessCollection\AngelObj[LessonAccessCollection]_20EB81E28AC14A69ADC44FA2F3FDF2EE.xml" /></resource><resource identifier="LessonAccessCollection" AngelObjectType="CLL.S3.Angel.Lesson.LessonAccessCollection"><file href="LessonAccessCollection\AngelObj[LessonAccessCollection]_25E30574036F4291AF17E2BDB8CE2461.xml" /></resource><resource identifier="LessonAccessCollection" AngelObjectType="CLL.S3.Angel.Lesson.LessonAccessCollection"><file href="LessonAccessCollection\AngelObj[LessonAccessCollection]_2883404431F24629B4E8029D4C0646D9.xml" /></resource><resource identifier="LessonAccessCollection" AngelObjectType="CLL.S3.Angel.Lesson.LessonAccessCollection"><file href="LessonAccessCollection\AngelObj[LessonAccessCollection]_2A539188F52942EA87CFCCC984A14763.xml" /></resource><resource identifier="LessonAccessCollection" AngelObjectType="CLL.S3.Angel.Lesson.LessonAccessCollection"><file href="LessonAccessCollection\AngelObj[LessonAccessCollection]_2ADEC61EEC7640EC80F987F5C8068CBD.xml" /></resource><resource identifier="LessonAccessCollection" AngelObjectType="CLL.S3.Angel.Lesson.LessonAccessCollection"><file href="LessonAccessCollection\AngelObj[LessonAccessCollection]_3206EAB1D5574E048A7B6B8988F43407.xml" /></resource><resource identifier="LessonAccessCollection" AngelObjectType="CLL.S3.Angel.Lesson.LessonAccessCollection"><file href="LessonAccessCollection\AngelObj[LessonAccessCollection]_35B00693F39C40FD98E4224A9C555A90.xml" /></resource><resource identifier="LessonAccessCollection" AngelObjectType="CLL.S3.Angel.Lesson.LessonAccessCollection"><file href="LessonAccessCollection\AngelObj[LessonAccessCollection]_38DEEFB697964943B9B876D93C14EB38.xml" /></resource><resource identifier="LessonAccessCollection" AngelObjectType="CLL.S3.Angel.Lesson.LessonAccessCollection"><file href="LessonAccessCollection\AngelObj[LessonAccessCollection]_3E49E30C7DDA414893513B01E93D333D.xml" /></resource><resource identifier="LessonAccessCollection" AngelObjectType="CLL.S3.Angel.Lesson.LessonAccessCollection"><file href="LessonAccessCollection\AngelObj[LessonAccessCollection]_3EAD9622BAFD43B1A2A4BBC82C9E7E49.xml" /></resource><resource identifier="LessonAccessCollection" AngelObjectType="CLL.S3.Angel.Lesson.LessonAccessCollection"><file href="LessonAccessCollection\AngelObj[LessonAccessCollection]_40B067A31839443489BC892D26AAD628.xml" /></resource><resource identifier="LessonAccessCollection" AngelObjectType="CLL.S3.Angel.Lesson.LessonAccessCollection"><file href="LessonAccessCollection\AngelObj[LessonAccessCollection]_42EA33C24BCC44B3BB89FC4BAC26CF1D.xml" /></resource><resource identifier="LessonAccessCollection" AngelObjectType="CLL.S3.Angel.Lesson.LessonAccessCollection"><file href="LessonAccessCollection\AngelObj[LessonAccessCollection]_443AC37594B443DA873857D89DC9349F.xml" /></resource><resource identifier="LessonAccessCollection" AngelObjectType="CLL.S3.Angel.Lesson.LessonAccessCollection"><file href="LessonAccessCollection\AngelObj[LessonAccessCollection]_449E0834EE9D41A49668B84063549DB6.xml" /></resource><resource identifier="LessonAccessCollection" AngelObjectType="CLL.S3.Angel.Lesson.LessonAccessCollection"><file href="LessonAccessCollection\AngelObj[LessonAccessCollection]_470FF32A362743C894034331AF882869.xml" /></resource><resource identifier="LessonAccessCollection" AngelObjectType="CLL.S3.Angel.Lesson.LessonAccessCollection"><file href="LessonAccessCollection\AngelObj[LessonAccessCollection]_4AD9091BE45342C9A6DB4383EB432406.xml" /></resource><resource identifier="LessonAccessCollection" AngelObjectType="CLL.S3.Angel.Lesson.LessonAccessCollection"><file href="LessonAccessCollection\AngelObj[LessonAccessCollection]_4B04FE67DE1847388F8E5079274F52BA.xml" /></resource><resource identifier="LessonAccessCollection" AngelObjectType="CLL.S3.Angel.Lesson.LessonAccessCollection"><file href="LessonAccessCollection\AngelObj[LessonAccessCollection]_4F57A957642E4D53B81D951D08065169.xml" /></resource><resource identifier="LessonAccessCollection" AngelObjectType="CLL.S3.Angel.Lesson.LessonAccessCollection"><file href="LessonAccessCollection\AngelObj[LessonAccessCollection]_5293664947A9441D9E99AE26EF5D977F.xml" /></resource><resource identifier="LessonAccessCollection" AngelObjectType="CLL.S3.Angel.Lesson.LessonAccessCollection"><file href="LessonAccessCollection\AngelObj[LessonAccessCollection]_565557265A6C4688A789C2B8A2A03590.xml" /></resource><resource identifier="LessonAccessCollection" AngelObjectType="CLL.S3.Angel.Lesson.LessonAccessCollection"><file href="LessonAccessCollection\AngelObj[LessonAccessCollection]_5C8CFE6D6DA2418CBB4B8E77D17CCAD6.xml" /></resource><resource identifier="LessonAccessCollection" AngelObjectType="CLL.S3.Angel.Lesson.LessonAccessCollection"><file href="LessonAccessCollection\AngelObj[LessonAccessCollection]_5E9F8F9931EC4134B0F0BED3A889B2C1.xml" /></resource><resource identifier="LessonAccessCollection" AngelObjectType="CLL.S3.Angel.Lesson.LessonAccessCollection"><file href="LessonAccessCollection\AngelObj[LessonAccessCollection]_5EB92F54D0C04A0CB57D27AB4DA03816.xml" /></resource><resource identifier="LessonAccessCollection" AngelObjectType="CLL.S3.Angel.Lesson.LessonAccessCollection"><file href="LessonAccessCollection\AngelObj[LessonAccessCollection]_6124DD2DCA9D4A34977114DB5949F8B9.xml" /></resource><resource identifier="LessonAccessCollection" AngelObjectType="CLL.S3.Angel.Lesson.LessonAccessCollection"><file href="LessonAccessCollection\AngelObj[LessonAccessCollection]_6E6672DC162D43F0813F3616AAF5A656.xml" /></resource><resource identifier="LessonAccessCollection" AngelObjectType="CLL.S3.Angel.Lesson.LessonAccessCollection"><file href="LessonAccessCollection\AngelObj[LessonAccessCollection]_6E94E4A8B99746618E776C6F790907E3.xml" /></resource><resource identifier="LessonAccessCollection" AngelObjectType="CLL.S3.Angel.Lesson.LessonAccessCollection"><file href="LessonAccessCollection\AngelObj[LessonAccessCollection]_751D948A44CE44DB86CB69A0AA3F2C36.xml" /></resource><resource identifier="LessonAccessCollection" AngelObjectType="CLL.S3.Angel.Lesson.LessonAccessCollection"><file href="LessonAccessCollection\AngelObj[LessonAccessCollection]_7620DC5E5BC1406FA5BCFEC3F0AA912E.xml" /></resource><resource identifier="LessonAccessCollection" AngelObjectType="CLL.S3.Angel.Lesson.LessonAccessCollection"><file href="LessonAccessCollection\AngelObj[LessonAccessCollection]_7AC85AA08D1040CB92841842F414C7D6.xml" /></resource><resource identifier="LessonAccessCollection" AngelObjectType="CLL.S3.Angel.Lesson.LessonAccessCollection"><file href="LessonAccessCollection\AngelObj[LessonAccessCollection]_7DE3D920FDCD403285B79153EE5C6789.xml" /></resource><resource identifier="LessonAccessCollection" AngelObjectType="CLL.S3.Angel.Lesson.LessonAccessCollection"><file href="LessonAccessCollection\AngelObj[LessonAccessCollection]_7E02A85D598D4258AC5A8DB97126A3FB.xml" /></resource><resource identifier="LessonAccessCollection" AngelObjectType="CLL.S3.Angel.Lesson.LessonAccessCollection"><file href="LessonAccessCollection\AngelObj[LessonAccessCollection]_7EC7DA83EBA04C4B95A888197EB2B8DB.xml" /></resource><resource identifier="LessonAccessCollection" AngelObjectType="CLL.S3.Angel.Lesson.LessonAccessCollection"><file href="LessonAccessCollection\AngelObj[LessonAccessCollection]_869CFBD011184343A91E60841FF1DAFE.xml" /></resource><resource identifier="LessonAccessCollection" AngelObjectType="CLL.S3.Angel.Lesson.LessonAccessCollection"><file href="LessonAccessCollection\AngelObj[LessonAccessCollection]_888A85C871D647279176ED2945AFD60F.xml" /></resource><resource identifier="LessonAccessCollection" AngelObjectType="CLL.S3.Angel.Lesson.LessonAccessCollection"><file href="LessonAccessCollection\AngelObj[LessonAccessCollection]_8B7E822B082E45AEA7EC477849D651C4.xml" /></resource><resource identifier="LessonAccessCollection" AngelObjectType="CLL.S3.Angel.Lesson.LessonAccessCollection"><file href="LessonAccessCollection\AngelObj[LessonAccessCollection]_8DC85A47E468498A83995C02AE0A6448.xml" /></resource><resource identifier="LessonAccessCollection" AngelObjectType="CLL.S3.Angel.Lesson.LessonAccessCollection"><file href="LessonAccessCollection\AngelObj[LessonAccessCollection]_9BB86D8210C047A9BEDF127256349889.xml" /></resource><resource identifier="LessonAccessCollection" AngelObjectType="CLL.S3.Angel.Lesson.LessonAccessCollection"><file href="LessonAccessCollection\AngelObj[LessonAccessCollection]_9CDBE4CC79DE43EEB42C1289441F55CC.xml" /></resource><resource identifier="LessonAccessCollection" AngelObjectType="CLL.S3.Angel.Lesson.LessonAccessCollection"><file href="LessonAccessCollection\AngelObj[LessonAccessCollection]_A12102703ECF492898354B1AFD3F1A5A.xml" /></resource><resource identifier="LessonAccessCollection" AngelObjectType="CLL.S3.Angel.Lesson.LessonAccessCollection"><file href="LessonAccessCollection\AngelObj[LessonAccessCollection]_A380F315DC5B4B91BECB1D2B1C603632.xml" /></resource><resource identifier="LessonAccessCollection" AngelObjectType="CLL.S3.Angel.Lesson.LessonAccessCollection"><file href="LessonAccessCollection\AngelObj[LessonAccessCollection]_A3AA9A4D81A742CBAAA7CE8F1F860FD0.xml" /></resource><resource identifier="LessonAccessCollection" AngelObjectType="CLL.S3.Angel.Lesson.LessonAccessCollection"><file href="LessonAccessCollection\AngelObj[LessonAccessCollection]_A61D089A6D424A2590633A76428E0A24.xml" /></resource><resource identifier="LessonAccessCollection" AngelObjectType="CLL.S3.Angel.Lesson.LessonAccessCollection"><file href="LessonAccessCollection\AngelObj[LessonAccessCollection]_A8332E758C484632BBA1E8BDA7272E25.xml" /></resource><resource identifier="LessonAccessCollection" AngelObjectType="CLL.S3.Angel.Lesson.LessonAccessCollection"><file href="LessonAccessCollection\AngelObj[LessonAccessCollection]_AE52FC676388435F81233365A0537A54.xml" /></resource><resource identifier="LessonAccessCollection" AngelObjectType="CLL.S3.Angel.Lesson.LessonAccessCollection"><file href="LessonAccessCollection\AngelObj[LessonAccessCollection]_AF42B369A8A844BE86E2C2DAAE06D47D.xml" /></resource><resource identifier="LessonAccessCollection" AngelObjectType="CLL.S3.Angel.Lesson.LessonAccessCollection"><file href="LessonAccessCollection\AngelObj[LessonAccessCollection]_B309F42149DB4930AAEC2F4BE7369DC5.xml" /></resource><resource identifier="LessonAccessCollection" AngelObjectType="CLL.S3.Angel.Lesson.LessonAccessCollection"><file href="LessonAccessCollection\AngelObj[LessonAccessCollection]_BA971D2FB93B4763942D7997E9954B94.xml" /></resource><resource identifier="LessonAccessCollection" AngelObjectType="CLL.S3.Angel.Lesson.LessonAccessCollection"><file href="LessonAccessCollection\AngelObj[LessonAccessCollection]_C188C5CCB6C145B483674EF844C8D840.xml" /></resource><resource identifier="LessonAccessCollection" AngelObjectType="CLL.S3.Angel.Lesson.LessonAccessCollection"><file href="LessonAccessCollection\AngelObj[LessonAccessCollection]_C1CFF0EA171649698588D5E0EB436BD0.xml" /></resource><resource identifier="LessonAccessCollection" AngelObjectType="CLL.S3.Angel.Lesson.LessonAccessCollection"><file href="LessonAccessCollection\AngelObj[LessonAccessCollection]_C23382D34EBE466F93E505560C666C8A.xml" /></resource><resource identifier="LessonAccessCollection" AngelObjectType="CLL.S3.Angel.Lesson.LessonAccessCollection"><file href="LessonAccessCollection\AngelObj[LessonAccessCollection]_C6B6CE47CF0E43DE94626C4A871CE997.xml" /></resource><resource identifier="LessonAccessCollection" AngelObjectType="CLL.S3.Angel.Lesson.LessonAccessCollection"><file href="LessonAccessCollection\AngelObj[LessonAccessCollection]_D44834443598453FB6AEA4769C0FD9FC.xml" /></resource><resource identifier="LessonAccessCollection" AngelObjectType="CLL.S3.Angel.Lesson.LessonAccessCollection"><file href="LessonAccessCollection\AngelObj[LessonAccessCollection]_D4BB6F2C99934334A1673720B68B3F5C.xml" /></resource><resource identifier="LessonAccessCollection" AngelObjectType="CLL.S3.Angel.Lesson.LessonAccessCollection"><file href="LessonAccessCollection\AngelObj[LessonAccessCollection]_D623AD33EDB14DA9995367095A1CDB83.xml" /></resource><resource identifier="LessonAccessCollection" AngelObjectType="CLL.S3.Angel.Lesson.LessonAccessCollection"><file href="LessonAccessCollection\AngelObj[LessonAccessCollection]_D7C3D19E86DD4573A6B1B8A3A6B7129D.xml" /></resource><resource identifier="LessonAccessCollection" AngelObjectType="CLL.S3.Angel.Lesson.LessonAccessCollection"><file href="LessonAccessCollection\AngelObj[LessonAccessCollection]_DE824113AEBA4A56B57DD9D535034D06.xml" /></resource><resource identifier="LessonAccessCollection" AngelObjectType="CLL.S3.Angel.Lesson.LessonAccessCollection"><file href="LessonAccessCollection\AngelObj[LessonAccessCollection]_DFD88FBFCC7645C5B1D59BC8AF15861C.xml" /></resource><resource identifier="LessonAccessCollection" AngelObjectType="CLL.S3.Angel.Lesson.LessonAccessCollection"><file href="LessonAccessCollection\AngelObj[LessonAccessCollection]_E10172CDE423480A8CB1C841E9C44EAA.xml" /></resource><resource identifier="LessonAccessCollection" AngelObjectType="CLL.S3.Angel.Lesson.LessonAccessCollection"><file href="LessonAccessCollection\AngelObj[LessonAccessCollection]_E3A5E54B6F414B6E83924C4A92A8CEEF.xml" /></resource><resource identifier="LessonAccessCollection" AngelObjectType="CLL.S3.Angel.Lesson.LessonAccessCollection"><file href="LessonAccessCollection\AngelObj[LessonAccessCollection]_E5558B5D76EE4B389F81B276EFF94F9C.xml" /></resource><resource identifier="LessonAccessCollection" AngelObjectType="CLL.S3.Angel.Lesson.LessonAccessCollection"><file href="LessonAccessCollection\AngelObj[LessonAccessCollection]_E578089E00DE4167BBA7F56F5ECBDBA6.xml" /></resource><resource identifier="LessonAccessCollection" AngelObjectType="CLL.S3.Angel.Lesson.LessonAccessCollection"><file href="LessonAccessCollection\AngelObj[LessonAccessCollection]_E6E3F8C908F2485AABE1F9F327F41D24.xml" /></resource><resource identifier="LessonAccessCollection" AngelObjectType="CLL.S3.Angel.Lesson.LessonAccessCollection"><file href="LessonAccessCollection\AngelObj[LessonAccessCollection]_E7A3EECA2F47466CBE108014D98C76FA.xml" /></resource><resource identifier="LessonAccessCollection" AngelObjectType="CLL.S3.Angel.Lesson.LessonAccessCollection"><file href="LessonAccessCollection\AngelObj[LessonAccessCollection]_EC93797845EB4896B99FFB869D2BD44A.xml" /></resource><resource identifier="LessonAccessCollection" AngelObjectType="CLL.S3.Angel.Lesson.LessonAccessCollection"><file href="LessonAccessCollection\AngelObj[LessonAccessCollection]_F131E7BD345646DDB287D1FEAFB95016.xml" /></resource><resource identifier="LessonAccessCollection" AngelObjectType="CLL.S3.Angel.Lesson.LessonAccessCollection"><file href="LessonAccessCollection\AngelObj[LessonAccessCollection]_F3F04B7C4762450C9693BBACFE872574.xml" /></resource><resource identifier="LessonAccessCollection" AngelObjectType="CLL.S3.Angel.Lesson.LessonAccessCollection"><file href="LessonAccessCollection\AngelObj[LessonAccessCollection]_FB373C41F111404C819F82C88CD6E8C4.xml" /></resource></resource></resources></angelManifest>