﻿<?xml version="1.0" encoding="utf-8"?><ScaleCollection><item><_scaleId>4fad0a8c-6648-44a2-b57d-264e8c18adeb</_scaleId><_gbId>8802d09a-5853-4db6-a6a3-97bb3f267f7a</_gbId><_minPercent>0.6900000000</_minPercent><_label><![CDATA[C]]></_label></item><item><_scaleId>472cee09-ea06-4230-bd30-3b904bda28a1</_scaleId><_gbId>8802d09a-5853-4db6-a6a3-97bb3f267f7a</_gbId><_minPercent>0.0000000000</_minPercent><_label><![CDATA[F]]></_label></item><item><_scaleId>e802610f-5669-4e09-84eb-68a646666087</_scaleId><_gbId>8802d09a-5853-4db6-a6a3-97bb3f267f7a</_gbId><_minPercent>0.8700000000</_minPercent><_label><![CDATA[B+]]></_label></item><item><_scaleId>c5d2cdc2-5ff6-446a-aa51-8a754b2a99ce</_scaleId><_gbId>8802d09a-5853-4db6-a6a3-97bb3f267f7a</_gbId><_minPercent>0.5700000000</_minPercent><_label><![CDATA[D]]></_label></item><item><_scaleId>3a9dd3aa-e227-4442-9ad1-a5b226867358</_scaleId><_gbId>8802d09a-5853-4db6-a6a3-97bb3f267f7a</_gbId><_minPercent>0.9300000000</_minPercent><_label><![CDATA[A]]></_label></item><item><_scaleId>f6bb7dd6-42b8-4dca-a313-aa5671ebf647</_scaleId><_gbId>8802d09a-5853-4db6-a6a3-97bb3f267f7a</_gbId><_minPercent>0.7600000000</_minPercent><_label><![CDATA[C+]]></_label></item><item><_scaleId>f49767ad-f11f-45d8-9046-c059eef190f1</_scaleId><_gbId>8802d09a-5853-4db6-a6a3-97bb3f267f7a</_gbId><_minPercent>0.8300000000</_minPercent><_label><![CDATA[B]]></_label></item><item><_scaleId>3ebc9973-2e33-4f12-b4ef-eb4e28c81555</_scaleId><_gbId>8802d09a-5853-4db6-a6a3-97bb3f267f7a</_gbId><_minPercent>0.9000000000</_minPercent><_label><![CDATA[A-]]></_label></item><item><_scaleId>018401be-2c77-4711-9364-fa4d0e9b781d</_scaleId><_gbId>8802d09a-5853-4db6-a6a3-97bb3f267f7a</_gbId><_minPercent>0.8000000000</_minPercent><_label><![CDATA[B-]]></_label></item></ScaleCollection>