﻿<?xml version="1.0" encoding="utf-8"?><QTIQuestionBankFolder><_questionReferences /><_treeNodes><item><expanded>False</expanded><displayText /><iconURL /><isChecked>False</isChecked><_id>3ece0c65-52f5-49b3-9d91-c43c07fc4ad0</_id><_ancestorId>8802d09a-5853-4db6-a6a3-97bb3f267f7a</_ancestorId><_parentId>8802d09a-5853-4db6-a6a3-97bb3f267f7a</_parentId><_sequence>1</_sequence></item></_treeNodes><_questions /><_qbFolderId>3ece0c65-52f5-49b3-9d91-c43c07fc4ad0</_qbFolderId><_courseContainerId>8802d09a-5853-4db6-a6a3-97bb3f267f7a</_courseContainerId><_title><![CDATA[Course Orientation &amp; Information Checklist&lt;br&gt;&lt;fon]]></_title><_migratedQuestionsFolder>False</_migratedQuestionsFolder></QTIQuestionBankFolder>