﻿<?xml version="1.0" encoding="utf-8"?><QTIQuestionBankFolder><_questionReferences><item><_question><_questionId>3d5f453d-5ccd-4485-bfaa-1865639a5eb3</_questionId><_type><![CDATA[CLL.S3.Angel.QTI.EssayQuestion]]></_type><_title /><_questionText><![CDATA[&lt;div&gt;List three (3) Generation IV reactor designs.&lt;/div&gt;&lt;div&gt;&lt;/div&gt;]]></_questionText><_qtiXml><![CDATA[&lt;assessmentItem identifier=&quot;&quot; title=&quot;&quot;&gt;&lt;responseDeclaration identifier=&quot;RESPONSE&quot; baseType=&quot;identifier&quot; cardinality=&quot;single&quot;&gt;&lt;correctResponse /&gt;&lt;/responseDeclaration&gt;&lt;outcomeDeclaration identifier=&quot;SCORE&quot; baseType=&quot;float&quot; cardinality=&quot;single&quot;&gt;&lt;defaultValue&gt;&lt;value&gt;0&lt;/value&gt;&lt;/defaultValue&gt;&lt;/outcomeDeclaration&gt;&lt;itemBody&gt;&lt;![CDATA[&lt;div&gt;List three (3) Generation IV reactor designs.&lt;/div&gt;]]&gt;&lt;extendedTextInteraction responseIdentifier=&quot;RESPONSE&quot; /&gt;&lt;![CDATA[&lt;div&gt;&lt;/div&gt;]]&gt;&lt;/itemBody&gt;&lt;outcomeDeclaration identifier=&quot;GENERAL_FEEDBACK&quot; baseType=&quot;identifier&quot; cardinality=&quot;single&quot; /&gt;&lt;/assessmentItem&gt;]]></_qtiXml><_metadata /><_neverScramble>False</_neverScramble><_imageUrl /><_defaultPointValue>0.0000000000</_defaultPointValue><_previewRendering /><_originalCourseContainerId>b8618af6-3678-48fd-b1c8-3f543cb1b6e2</_originalCourseContainerId><_deleted>False</_deleted><_contentHash /><_sourceHash><![CDATA[E0PjmRAA0Y0pxILI4Sfw0lZYyVCYbRsegiRpRXjk6+M=]]></_sourceHash><_author><![CDATA[mss32]]></_author><_creationTime>2011-09-26T13:55:41</_creationTime><_lastModifiedBy><![CDATA[mss32]]></_lastModifiedBy><_lastModifiedTime>2015-05-04T15:52:57</_lastModifiedTime><_deliveryCount /><_deliveryCountResetDate /><_customScoring>True</_customScoring><_originalQuestionId /><_parentQuestionId /><_isSurveyQuestion /><_resources /><_pointsPossible /><_angelImportProcessed>False</_angelImportProcessed><_editedFromCourseContainerId /><_isEditRegrade>False</_isEditRegrade><_editedFromQuestionBankFolderId /><_editedFromQuestionSetReferenceId /><_updateAllInstances>False</_updateAllInstances><_poolQuestion /><_questionSettings /><_questionPrompt /></_question><_questionKeywords /><_difficulties /><_qbFolderId>7178c625-f0a9-4300-b70d-2b3e44bc6b1e</_qbFolderId><_questionId>3d5f453d-5ccd-4485-bfaa-1865639a5eb3</_questionId><_qbFolderQuestionReferenceId>ef626f3d-d18d-41a0-818c-3ced1b7fc738</_qbFolderQuestionReferenceId><_sequence>1</_sequence><_computedDifficuty /><_discrimination /><_useLatestRevision>True</_useLatestRevision><_pointValue>10.0000000000</_pointValue><_fieldId /><_rubricId /><_isDisplayBeforeSubmission>False</_isDisplayBeforeSubmission><_isDisplayScoreAfterSubmission>False</_isDisplayScoreAfterSubmission></item><item><_question><_questionId>bd9bb744-a68c-46fa-93e7-fab1c230824b</_questionId><_type><![CDATA[CLL.S3.Angel.QTI.EssayQuestion]]></_type><_title /><_questionText><![CDATA[&lt;div&gt;List three (3) Evolutionary and advance LWR designs.&lt;/div&gt;&lt;div&gt;&lt;/div&gt;]]></_questionText><_qtiXml><![CDATA[&lt;assessmentItem identifier=&quot;&quot; title=&quot;&quot;&gt;&lt;responseDeclaration identifier=&quot;RESPONSE&quot; baseType=&quot;identifier&quot; cardinality=&quot;single&quot;&gt;&lt;correctResponse /&gt;&lt;/responseDeclaration&gt;&lt;outcomeDeclaration identifier=&quot;SCORE&quot; baseType=&quot;float&quot; cardinality=&quot;single&quot;&gt;&lt;defaultValue&gt;&lt;value&gt;0&lt;/value&gt;&lt;/defaultValue&gt;&lt;/outcomeDeclaration&gt;&lt;itemBody&gt;&lt;![CDATA[&lt;div&gt;List three (3) Evolutionary and advance LWR designs.&lt;/div&gt;]]&gt;&lt;extendedTextInteraction responseIdentifier=&quot;RESPONSE&quot; /&gt;&lt;![CDATA[&lt;div&gt;&lt;/div&gt;]]&gt;&lt;/itemBody&gt;&lt;outcomeDeclaration identifier=&quot;GENERAL_FEEDBACK&quot; baseType=&quot;identifier&quot; cardinality=&quot;single&quot; /&gt;&lt;/assessmentItem&gt;]]></_qtiXml><_metadata /><_neverScramble>False</_neverScramble><_imageUrl /><_defaultPointValue>0.0000000000</_defaultPointValue><_previewRendering /><_originalCourseContainerId>b8618af6-3678-48fd-b1c8-3f543cb1b6e2</_originalCourseContainerId><_deleted>False</_deleted><_contentHash /><_sourceHash><![CDATA[TgLhzRRjxQBd0TKJ90a0eIl7h8Y4Gto4XanWJ+bcfOI=]]></_sourceHash><_author><![CDATA[mss32]]></_author><_creationTime>2011-09-26T13:55:23</_creationTime><_lastModifiedBy><![CDATA[mss32]]></_lastModifiedBy><_lastModifiedTime>2015-05-04T15:52:57</_lastModifiedTime><_deliveryCount /><_deliveryCountResetDate /><_customScoring>True</_customScoring><_originalQuestionId /><_parentQuestionId /><_isSurveyQuestion /><_resources /><_pointsPossible /><_angelImportProcessed>False</_angelImportProcessed><_editedFromCourseContainerId /><_isEditRegrade>False</_isEditRegrade><_editedFromQuestionBankFolderId /><_editedFromQuestionSetReferenceId /><_updateAllInstances>False</_updateAllInstances><_poolQuestion /><_questionSettings /><_questionPrompt /></_question><_questionKeywords /><_difficulties /><_qbFolderId>7178c625-f0a9-4300-b70d-2b3e44bc6b1e</_qbFolderId><_questionId>bd9bb744-a68c-46fa-93e7-fab1c230824b</_questionId><_qbFolderQuestionReferenceId>5c8dcab0-94fc-431e-8d3e-8cc0651adc19</_qbFolderQuestionReferenceId><_sequence>2</_sequence><_computedDifficuty /><_discrimination /><_useLatestRevision>True</_useLatestRevision><_pointValue>10.0000000000</_pointValue><_fieldId /><_rubricId /><_isDisplayBeforeSubmission>False</_isDisplayBeforeSubmission><_isDisplayScoreAfterSubmission>False</_isDisplayScoreAfterSubmission></item></_questionReferences><_treeNodes><item><expanded>False</expanded><displayText /><iconURL /><isChecked>False</isChecked><_id>7178c625-f0a9-4300-b70d-2b3e44bc6b1e</_id><_ancestorId>8802d09a-5853-4db6-a6a3-97bb3f267f7a</_ancestorId><_parentId>aef15a90-89b9-45cb-a007-a6dd4995cb5e</_parentId><_sequence>7</_sequence></item><item><expanded>False</expanded><displayText /><iconURL /><isChecked>False</isChecked><_id>7178c625-f0a9-4300-b70d-2b3e44bc6b1e</_id><_ancestorId>aef15a90-89b9-45cb-a007-a6dd4995cb5e</_ancestorId><_parentId>aef15a90-89b9-45cb-a007-a6dd4995cb5e</_parentId><_sequence>7</_sequence></item></_treeNodes><_questions /><_qbFolderId>7178c625-f0a9-4300-b70d-2b3e44bc6b1e</_qbFolderId><_courseContainerId>8802d09a-5853-4db6-a6a3-97bb3f267f7a</_courseContainerId><_title><![CDATA[Q8]]></_title><_migratedQuestionsFolder>False</_migratedQuestionsFolder></QTIQuestionBankFolder>