﻿<?xml version="1.0" encoding="utf-8"?><LessonAccessCollection><item><_courseId><![CDATA[MRG-141218-143311-MSS32]]></_courseId><_entryId><![CDATA[7EC7DA83EBA04C4B95A888197EB2B8DB]]></_entryId><_teamId><![CDATA[201415SPUP___RNUC_E497I001]]></_teamId><_overrideStartDate>False</_overrideStartDate><_overrideEndDate>False</_overrideEndDate><_overrideHidden>False</_overrideHidden><_overridePassword>False</_overridePassword><_overrideViewableBy>False</_overrideViewableBy><_overrideTracking>False</_overrideTracking><_overrideAdvanced>False</_overrideAdvanced><_startDate /><_endDate /><_hidden>0</_hidden><_password /><_viewableBy>2</_viewableBy><_tracking>1</_tracking><_teamPriority>0</_teamPriority><_attributes /></item><item><_courseId><![CDATA[MRG-141218-143311-MSS32]]></_courseId><_entryId><![CDATA[7EC7DA83EBA04C4B95A888197EB2B8DB]]></_entryId><_teamId><![CDATA[201415SPUP___RNUC_E497I002]]></_teamId><_overrideStartDate>False</_overrideStartDate><_overrideEndDate>False</_overrideEndDate><_overrideHidden>False</_overrideHidden><_overridePassword>False</_overridePassword><_overrideViewableBy>False</_overrideViewableBy><_overrideTracking>False</_overrideTracking><_overrideAdvanced>False</_overrideAdvanced><_startDate /><_endDate /><_hidden>0</_hidden><_password /><_viewableBy>2</_viewableBy><_tracking>1</_tracking><_teamPriority>0</_teamPriority><_attributes /></item><item><_courseId><![CDATA[MRG-141218-143311-MSS32]]></_courseId><_entryId><![CDATA[7EC7DA83EBA04C4B95A888197EB2B8DB]]></_entryId><_teamId><![CDATA[201415SPWD___INUC_E497I001]]></_teamId><_overrideStartDate>False</_overrideStartDate><_overrideEndDate>False</_overrideEndDate><_overrideHidden>False</_overrideHidden><_overridePassword>False</_overridePassword><_overrideViewableBy>False</_overrideViewableBy><_overrideTracking>False</_overrideTracking><_overrideAdvanced>False</_overrideAdvanced><_startDate /><_endDate /><_hidden>0</_hidden><_password /><_viewableBy>2</_viewableBy><_tracking>1</_tracking><_teamPriority>0</_teamPriority><_attributes /></item><item><_courseId><![CDATA[MRG-141218-143311-MSS32]]></_courseId><_entryId><![CDATA[7EC7DA83EBA04C4B95A888197EB2B8DB]]></_entryId><_teamId><![CDATA[ALL]]></_teamId><_overrideStartDate>False</_overrideStartDate><_overrideEndDate>False</_overrideEndDate><_overrideHidden>False</_overrideHidden><_overridePassword>False</_overridePassword><_overrideViewableBy>False</_overrideViewableBy><_overrideTracking>False</_overrideTracking><_overrideAdvanced>False</_overrideAdvanced><_startDate /><_endDate /><_hidden>0</_hidden><_password /><_viewableBy /><_tracking>1</_tracking><_teamPriority>-100</_teamPriority><_attributes /></item><item><_courseId><![CDATA[MRG-141218-143311-MSS32]]></_courseId><_entryId><![CDATA[7EC7DA83EBA04C4B95A888197EB2B8DB]]></_entryId><_teamId><![CDATA[Faculty]]></_teamId><_overrideStartDate>False</_overrideStartDate><_overrideEndDate>False</_overrideEndDate><_overrideHidden>False</_overrideHidden><_overridePassword>False</_overridePassword><_overrideViewableBy>False</_overrideViewableBy><_overrideTracking>False</_overrideTracking><_overrideAdvanced>False</_overrideAdvanced><_startDate /><_endDate /><_hidden>0</_hidden><_password /><_viewableBy>2</_viewableBy><_tracking>1</_tracking><_teamPriority>0</_teamPriority><_attributes /></item><item><_courseId><![CDATA[MRG-141218-143311-MSS32]]></_courseId><_entryId><![CDATA[7EC7DA83EBA04C4B95A888197EB2B8DB]]></_entryId><_teamId><![CDATA[G Grove]]></_teamId><_overrideStartDate>False</_overrideStartDate><_overrideEndDate>False</_overrideEndDate><_overrideHidden>False</_overrideHidden><_overridePassword>False</_overridePassword><_overrideViewableBy>False</_overrideViewableBy><_overrideTracking>False</_overrideTracking><_overrideAdvanced>False</_overrideAdvanced><_startDate /><_endDate /><_hidden>0</_hidden><_password /><_viewableBy>2</_viewableBy><_tracking>1</_tracking><_teamPriority>0</_teamPriority><_attributes /></item></LessonAccessCollection>