﻿<?xml version="1.0" encoding="utf-8"?><AssignmentCollection><item><_parentCategory /><_lessons><item><_objectId><![CDATA[29C03D728A5A4ED4AE76E19CACF497AB]]></_objectId><_entryId><![CDATA[DE824113AEBA4A56B57DD9D535034D06]]></_entryId><_objectType><![CDATA[ASSESSMENT]]></_objectType><_editMask><![CDATA[MRG-141218-143311-MSS32]]></_editMask><_linkMask><![CDATA[*-*-*-*-*-*]]></_linkMask><_title><![CDATA[Quiz #1 - Chapter #1]]></_title><_subtitle><![CDATA[&lt;font color=red&gt;Due 1/25/15 by Midnight ET&lt;/font&gt;]]></_subtitle><_pageFormat>2</_pageFormat><_linkUrl /><_linkTarget><![CDATA[_self]]></_linkTarget><_objectEditableBy>32</_objectEditableBy><_iconUrl /><_helpUrl /><_objectAuthor><![CDATA[mss32]]></_objectAuthor><_objectCreated>2014-12-03T13:37:27</_objectCreated><_deleted>0</_deleted><_attributes /><_pageText /><_drmProtected>False</_drmProtected><_isShared>False</_isShared><_dRM /></item></_lessons><_courseAverage>0.8229166736</_courseAverage><_termGradebook /><_assignId>12c88b93-8ac0-4bb7-9363-48b8ef3ea894</_assignId><_gbId>8802d09a-5853-4db6-a6a3-97bb3f267f7a</_gbId><_catId>d0c8d028-06a4-4edb-8a5c-4f70a7766256</_catId><_srcId /><_srcSubId /><_title><![CDATA[Quiz #1]]></_title><_pointsPossible>60.0000000000</_pointsPossible><_displayFormat /><_calcMethod>3</_calcMethod><_hidden>0</_hidden><_password><![CDATA[]]></_password><_sequence>1</_sequence><_labelMask /><_labelErrorMessage /><_description /><_formula /><_extracredit>False</_extracredit><_gB3TermGradeBookId /></item><item><_parentCategory /><_lessons><item><_objectId><![CDATA[B8B3139C441D447B9ADADF4D2C994671]]></_objectId><_entryId><![CDATA[D4BB6F2C99934334A1673720B68B3F5C]]></_entryId><_objectType><![CDATA[DROPBOX]]></_objectType><_editMask><![CDATA[MRG-141218-143311-MSS32]]></_editMask><_linkMask><![CDATA[*-*-*-*-*-*]]></_linkMask><_title><![CDATA[Course Project Drop Box - Due May 5 by Midnight ET]]></_title><_subtitle><![CDATA[&lt;font color = &quot;black&quot;&gt;Upload your completed assignment here.&lt;/font&gt;&lt;br&gt;&lt;font color=red&gt;Verify that your file upload was completed - Please double check this!&lt;/font&gt;&lt;hr&gt;]]></_subtitle><_pageFormat>2</_pageFormat><_linkUrl /><_linkTarget><![CDATA[_self]]></_linkTarget><_objectEditableBy>32</_objectEditableBy><_iconUrl /><_helpUrl /><_objectAuthor><![CDATA[mss32]]></_objectAuthor><_objectCreated>2014-12-03T13:37:25</_objectCreated><_deleted>0</_deleted><_attributes><![CDATA[USER_REVIEW=0;MAX_SUBMISSIONS=0;NOATTACHMENTS=0;NOMESSAGE=0;]]></_attributes><_pageText /><_drmProtected>False</_drmProtected><_isShared>False</_isShared><_dRM /></item></_lessons><_courseAverage>0.9937500000</_courseAverage><_termGradebook /><_assignId>860f31c0-305b-4740-a98b-64c209946d33</_assignId><_gbId>8802d09a-5853-4db6-a6a3-97bb3f267f7a</_gbId><_catId>bbf77dbf-692c-4c8c-ae0b-55d849c0c90b</_catId><_srcId /><_srcSubId /><_title><![CDATA[Course Project]]></_title><_pointsPossible>100.0000000000</_pointsPossible><_displayFormat /><_calcMethod>3</_calcMethod><_hidden>0</_hidden><_password><![CDATA[]]></_password><_sequence>1</_sequence><_labelMask /><_labelErrorMessage /><_description /><_formula /><_extracredit>False</_extracredit><_gB3TermGradeBookId /></item><item><_parentCategory /><_lessons><item><_objectId><![CDATA[323D9C639BD64A53A78A7BAD892F7656]]></_objectId><_entryId><![CDATA[F131E7BD345646DDB287D1FEAFB95016]]></_entryId><_objectType><![CDATA[DROPBOX]]></_objectType><_editMask><![CDATA[MRG-141218-143311-MSS32]]></_editMask><_linkMask><![CDATA[*-*-*-*-*-*]]></_linkMask><_title><![CDATA[Homework #1 Drop Box]]></_title><_subtitle><![CDATA[&lt;font color = &quot;black&quot;&gt;Upload your completed assignment here.&lt;/font&gt;&lt;br&gt;&lt;font color=red&gt;Verify that your file upload was completed - Please double check this!&lt;/font&gt;&lt;hr&gt;]]></_subtitle><_pageFormat>2</_pageFormat><_linkUrl /><_linkTarget><![CDATA[_self]]></_linkTarget><_objectEditableBy>32</_objectEditableBy><_iconUrl /><_helpUrl /><_objectAuthor><![CDATA[mss32]]></_objectAuthor><_objectCreated>2014-12-03T13:37:26</_objectCreated><_deleted>0</_deleted><_attributes><![CDATA[USER_REVIEW=0;MAX_SUBMISSIONS=0;NOATTACHMENTS=0;NOMESSAGE=0;]]></_attributes><_pageText /><_drmProtected>False</_drmProtected><_isShared>False</_isShared><_dRM /></item></_lessons><_courseAverage>0.9768750000</_courseAverage><_termGradebook /><_assignId>a2afb7f8-f13f-450a-bcf2-6ffa08b135d6</_assignId><_gbId>8802d09a-5853-4db6-a6a3-97bb3f267f7a</_gbId><_catId>f6874ca2-bed8-4d58-8a73-261a1619f6a2</_catId><_srcId /><_srcSubId /><_title><![CDATA[HW #1]]></_title><_pointsPossible>100.0000000000</_pointsPossible><_displayFormat /><_calcMethod>3</_calcMethod><_hidden>0</_hidden><_password><![CDATA[]]></_password><_sequence>1</_sequence><_labelMask /><_labelErrorMessage /><_description /><_formula /><_extracredit>False</_extracredit><_gB3TermGradeBookId /></item><item><_parentCategory /><_lessons><item><_objectId><![CDATA[F0A677D7B77D4CF4A22D7CF12FF2CD39]]></_objectId><_entryId><![CDATA[C1CFF0EA171649698588D5E0EB436BD0]]></_entryId><_objectType><![CDATA[DROPBOX]]></_objectType><_editMask><![CDATA[MRG-141218-143311-MSS32]]></_editMask><_linkMask><![CDATA[*-*-*-*-*-*]]></_linkMask><_title><![CDATA[Exam #1 Drop Box]]></_title><_subtitle><![CDATA[&lt;font color = &quot;black&quot;&gt;Upload your completed assignment here.&lt;/font&gt;&lt;br&gt;&lt;font color=red&gt;Verify that your file upload was completed - Please double check this!&lt;/font&gt;&lt;hr&gt;]]></_subtitle><_pageFormat>2</_pageFormat><_linkUrl /><_linkTarget><![CDATA[_self]]></_linkTarget><_objectEditableBy>32</_objectEditableBy><_iconUrl /><_helpUrl /><_objectAuthor><![CDATA[mss32]]></_objectAuthor><_objectCreated>2014-12-03T13:37:26</_objectCreated><_deleted>0</_deleted><_attributes><![CDATA[USER_REVIEW=0;MAX_SUBMISSIONS=0;NOATTACHMENTS=0;NOMESSAGE=0;]]></_attributes><_pageText /><_drmProtected>False</_drmProtected><_isShared>False</_isShared><_dRM /></item></_lessons><_courseAverage>0.9181250000</_courseAverage><_termGradebook /><_assignId>cbed76fc-d333-4628-8df6-15b0199306d2</_assignId><_gbId>8802d09a-5853-4db6-a6a3-97bb3f267f7a</_gbId><_catId>8f550249-a18c-4876-b096-06440cc8d1a3</_catId><_srcId /><_srcSubId /><_title><![CDATA[Exam #1]]></_title><_pointsPossible>100.0000000000</_pointsPossible><_displayFormat /><_calcMethod>3</_calcMethod><_hidden>0</_hidden><_password><![CDATA[]]></_password><_sequence>1</_sequence><_labelMask /><_labelErrorMessage /><_description /><_formula /><_extracredit>False</_extracredit><_gB3TermGradeBookId /></item><item><_parentCategory /><_lessons><item><_objectId><![CDATA[347C98370F88484D9F7AB8463408AC0A]]></_objectId><_entryId><![CDATA[0820196A690C44A8B4597621EDCEFD7A]]></_entryId><_objectType><![CDATA[ASSESSMENT]]></_objectType><_editMask><![CDATA[MRG-141218-143311-MSS32]]></_editMask><_linkMask><![CDATA[*-*-*-*-*-*]]></_linkMask><_title><![CDATA[Quiz #2 - Chapter #2]]></_title><_subtitle><![CDATA[&lt;font color=red&gt;Due 2/09/15 by Midnight ET&lt;/font&gt;]]></_subtitle><_pageFormat>2</_pageFormat><_linkUrl /><_linkTarget><![CDATA[_self]]></_linkTarget><_objectEditableBy>32</_objectEditableBy><_iconUrl /><_helpUrl /><_objectAuthor><![CDATA[mss32]]></_objectAuthor><_objectCreated>2014-12-03T13:37:27</_objectCreated><_deleted>0</_deleted><_attributes /><_pageText /><_drmProtected>False</_drmProtected><_isShared>False</_isShared><_dRM /></item></_lessons><_courseAverage>0.8645833333</_courseAverage><_termGradebook /><_assignId>b3e32cde-60c7-4b75-9655-33b5c5e9963c</_assignId><_gbId>8802d09a-5853-4db6-a6a3-97bb3f267f7a</_gbId><_catId>d0c8d028-06a4-4edb-8a5c-4f70a7766256</_catId><_srcId /><_srcSubId /><_title><![CDATA[Quiz #2]]></_title><_pointsPossible>60.0000000000</_pointsPossible><_displayFormat /><_calcMethod>3</_calcMethod><_hidden>0</_hidden><_password><![CDATA[]]></_password><_sequence>2</_sequence><_labelMask /><_labelErrorMessage /><_description /><_formula /><_extracredit>False</_extracredit><_gB3TermGradeBookId /></item><item><_parentCategory /><_lessons><item><_objectId><![CDATA[FCF8A442EA12434F97CC309F313D6EF5]]></_objectId><_entryId><![CDATA[D44834443598453FB6AEA4769C0FD9FC]]></_entryId><_objectType><![CDATA[DROPBOX]]></_objectType><_editMask><![CDATA[MRG-141218-143311-MSS32]]></_editMask><_linkMask><![CDATA[*-*-*-*-*-*]]></_linkMask><_title><![CDATA[Exam #2 Drop Box]]></_title><_subtitle><![CDATA[&lt;font color = &quot;black&quot;&gt;Upload your completed assignment here.&lt;/font&gt;&lt;br&gt;&lt;font color=red&gt;Verify that your file upload was completed - Please double check this!&lt;/font&gt;&lt;hr&gt;]]></_subtitle><_pageFormat>2</_pageFormat><_linkUrl /><_linkTarget><![CDATA[_self]]></_linkTarget><_objectEditableBy>32</_objectEditableBy><_iconUrl /><_helpUrl /><_objectAuthor><![CDATA[mss32]]></_objectAuthor><_objectCreated>2014-12-03T13:37:26</_objectCreated><_deleted>0</_deleted><_attributes><![CDATA[USER_REVIEW=0;MAX_SUBMISSIONS=0;NOATTACHMENTS=0;NOMESSAGE=0;]]></_attributes><_pageText /><_drmProtected>False</_drmProtected><_isShared>False</_isShared><_dRM /></item></_lessons><_courseAverage>0.9797916666</_courseAverage><_termGradebook /><_assignId>33701034-3fb8-43ff-8faa-460ec83c6ccf</_assignId><_gbId>8802d09a-5853-4db6-a6a3-97bb3f267f7a</_gbId><_catId>8f550249-a18c-4876-b096-06440cc8d1a3</_catId><_srcId /><_srcSubId /><_title><![CDATA[Exam #2]]></_title><_pointsPossible>100.0000000000</_pointsPossible><_displayFormat /><_calcMethod>3</_calcMethod><_hidden>0</_hidden><_password><![CDATA[]]></_password><_sequence>2</_sequence><_labelMask /><_labelErrorMessage /><_description /><_formula /><_extracredit>False</_extracredit><_gB3TermGradeBookId /></item><item><_parentCategory /><_lessons><item><_objectId><![CDATA[48C3501A7AE64425A043C69E7CE7DE59]]></_objectId><_entryId><![CDATA[9CDBE4CC79DE43EEB42C1289441F55CC]]></_entryId><_objectType><![CDATA[DROPBOX]]></_objectType><_editMask><![CDATA[MRG-141218-143311-MSS32]]></_editMask><_linkMask><![CDATA[*-*-*-*-*-*]]></_linkMask><_title><![CDATA[Homework #2 Drop Box]]></_title><_subtitle><![CDATA[&lt;font color = &quot;black&quot;&gt;Upload your completed assignment here.&lt;/font&gt;&lt;br&gt;&lt;font color=red&gt;Verify that your file upload was completed - Please double check this!&lt;/font&gt;&lt;hr&gt;]]></_subtitle><_pageFormat>2</_pageFormat><_linkUrl /><_linkTarget><![CDATA[_self]]></_linkTarget><_objectEditableBy>32</_objectEditableBy><_iconUrl /><_helpUrl /><_objectAuthor><![CDATA[mss32]]></_objectAuthor><_objectCreated>2014-12-03T13:37:26</_objectCreated><_deleted>0</_deleted><_attributes><![CDATA[USER_REVIEW=0;MAX_SUBMISSIONS=0;NOATTACHMENTS=0;NOMESSAGE=0;]]></_attributes><_pageText /><_drmProtected>False</_drmProtected><_isShared>False</_isShared><_dRM /></item></_lessons><_courseAverage>0.9635416666</_courseAverage><_termGradebook /><_assignId>66ce9834-0260-4ab2-a173-b2b11c61c1b6</_assignId><_gbId>8802d09a-5853-4db6-a6a3-97bb3f267f7a</_gbId><_catId>f6874ca2-bed8-4d58-8a73-261a1619f6a2</_catId><_srcId /><_srcSubId /><_title><![CDATA[HW #2]]></_title><_pointsPossible>100.0000000000</_pointsPossible><_displayFormat /><_calcMethod>3</_calcMethod><_hidden>0</_hidden><_password><![CDATA[]]></_password><_sequence>2</_sequence><_labelMask /><_labelErrorMessage /><_description /><_formula /><_extracredit>False</_extracredit><_gB3TermGradeBookId /></item><item><_parentCategory /><_lessons><item><_objectId><![CDATA[8FB9B828F41141A683943AE7A4649BC9]]></_objectId><_entryId><![CDATA[0EABE44D862B4671B6BCAEF84CA0BA7D]]></_entryId><_objectType><![CDATA[DROPBOX]]></_objectType><_editMask><![CDATA[MRG-141218-143311-MSS32]]></_editMask><_linkMask><![CDATA[*-*-*-*-*-*]]></_linkMask><_title><![CDATA[Homework #3 Drop Box]]></_title><_subtitle><![CDATA[&lt;font color = &quot;black&quot;&gt;Upload your completed assignment here.&lt;/font&gt;&lt;br&gt;&lt;font color=red&gt;Verify that your file upload was completed - Please double check this!&lt;/font&gt;&lt;hr&gt;]]></_subtitle><_pageFormat>2</_pageFormat><_linkUrl /><_linkTarget><![CDATA[_self]]></_linkTarget><_objectEditableBy>32</_objectEditableBy><_iconUrl /><_helpUrl /><_objectAuthor><![CDATA[mss32]]></_objectAuthor><_objectCreated>2014-12-03T13:37:26</_objectCreated><_deleted>0</_deleted><_attributes><![CDATA[USER_REVIEW=0;MAX_SUBMISSIONS=0;NOATTACHMENTS=0;NOMESSAGE=0;]]></_attributes><_pageText /><_drmProtected>False</_drmProtected><_isShared>False</_isShared><_dRM /></item></_lessons><_courseAverage>0.9512500000</_courseAverage><_termGradebook /><_assignId>4f226e6b-3d1c-4aa0-b64c-c3522fdcdc9b</_assignId><_gbId>8802d09a-5853-4db6-a6a3-97bb3f267f7a</_gbId><_catId>f6874ca2-bed8-4d58-8a73-261a1619f6a2</_catId><_srcId /><_srcSubId /><_title><![CDATA[HW #3]]></_title><_pointsPossible>100.0000000000</_pointsPossible><_displayFormat /><_calcMethod>3</_calcMethod><_hidden>0</_hidden><_password><![CDATA[]]></_password><_sequence>3</_sequence><_labelMask /><_labelErrorMessage /><_description /><_formula /><_extracredit>False</_extracredit><_gB3TermGradeBookId /></item></AssignmentCollection>