"pressure","temperature","GlobalElementId","ObjectId","PedigreeElementId","vtkValidPointMask","arc_length","Points:0","Points:1","Points:2"
0,10100,4901,0,4901,1,0,0,5,0
0,10100,4901,0,4901,1,0.005,0.005,5,0
0,10100,4901,0,4901,1,0.01,0.01,5,0
0,10100,4901,0,4901,1,0.015,0.015,5,0
0,10100,4901,0,4901,1,0.02,0.02,5,0
0,10100,4901,0,4901,1,0.025,0.025,5,0
0,10099,4901,0,4901,1,0.03,0.03,5,0
0,10099,4901,0,4901,1,0.035,0.035,5,0
0,10099,4901,0,4901,1,0.04,0.04,5,0
0,10099,4901,0,4901,1,0.045,0.045,5,0
0,10099,4902,0,4902,1,0.05,0.05,5,0
0,10099,4902,0,4902,1,0.055,0.055,5,0
0,10098,4902,0,4902,1,0.06,0.06,5,0
0,10098,4902,0,4902,1,0.065,0.065,5,0
0,10098,4902,0,4902,1,0.07,0.07,5,0
0,10098,4902,0,4902,1,0.075,0.075,5,0
0,10097,4902,0,4902,1,0.08,0.08,5,0
0,10097,4902,0,4902,1,0.085,0.085,5,0
0,10097,4902,0,4902,1,0.09,0.09,5,0
0,10096,4902,0,4902,1,0.095,0.095,5,0
0,10096,4903,0,4903,1,0.1,0.1,5,0
0,10096,4903,0,4903,1,0.105,0.105,5,0
0,10095,4903,0,4903,1,0.11,0.11,5,0
0,10095,4903,0,4903,1,0.115,0.115,5,0
0,10094,4903,0,4903,1,0.12,0.12,5,0
0,10094,4903,0,4903,1,0.125,0.125,5,0
0,10093,4903,0,4903,1,0.13,0.13,5,0
0,10093,4903,0,4903,1,0.135,0.135,5,0
0,10092,4903,0,4903,1,0.14,0.14,5,0
0,10092,4903,0,4903,1,0.145,0.145,5,0
0,10091,4904,0,4904,1,0.15,0.15,5,0
0,10091,4904,0,4904,1,0.155,0.155,5,0
0,10090,4904,0,4904,1,0.16,0.16,5,0
0,10089,4904,0,4904,1,0.165,0.165,5,0
0,10089,4904,0,4904,1,0.17,0.17,5,0
0,10088,4904,0,4904,1,0.175,0.175,5,0
0,10087,4904,0,4904,1,0.18,0.18,5,0
0,10087,4904,0,4904,1,0.185,0.185,5,0
0,10086,4904,0,4904,1,0.19,0.19,5,0
0,10085,4904,0,4904,1,0.195,0.195,5,0
0,10085,4905,0,4905,1,0.2,0.2,5,0
0,10084,4905,0,4905,1,0.205,0.205,5,0
0,10083,4905,0,4905,1,0.21,0.21,5,0
0,10082,4905,0,4905,1,0.215,0.215,5,0
0,10081,4905,0,4905,1,0.22,0.22,5,0
0,10081,4905,0,4905,1,0.225,0.225,5,0
0,10080,4905,0,4905,1,0.23,0.23,5,0
0,10079,4905,0,4905,1,0.235,0.235,5,0
0,10078,4905,0,4905,1,0.24,0.24,5,0
0,10077,4905,0,4905,1,0.245,0.245,5,0
0,10076,4906,0,4906,1,0.25,0.25,5,0
0,10075,4906,0,4906,1,0.255,0.255,5,0
0,10074,4906,0,4906,1,0.26,0.26,5,0
0,10073,4906,0,4906,1,0.265,0.265,5,0
0,10072,4906,0,4906,1,0.27,0.27,5,0
0,10071,4906,0,4906,1,0.275,0.275,5,0
0,10070,4906,0,4906,1,0.28,0.28,5,0
0,10069,4906,0,4906,1,0.285,0.285,5,0
0,10068,4906,0,4906,1,0.29,0.29,5,0
0,10067,4906,0,4906,1,0.295,0.295,5,0
0,10066,4907,0,4907,1,0.3,0.3,5,0
0,10065,4907,0,4907,1,0.305,0.305,5,0
0,10063,4907,0,4907,1,0.31,0.31,5,0
0,10062,4907,0,4907,1,0.315,0.315,5,0
0,10061,4907,0,4907,1,0.32,0.32,5,0
0,10060,4907,0,4907,1,0.325,0.325,5,0
0,10058,4907,0,4907,1,0.33,0.33,5,0
0,10057,4907,0,4907,1,0.335,0.335,5,0
0,10056,4907,0,4907,1,0.34,0.34,5,0
0,10055,4907,0,4907,1,0.345,0.345,5,0
0,10053,4908,0,4908,1,0.35,0.35,5,0
0,10052,4908,0,4908,1,0.355,0.355,5,0
0,10051,4908,0,4908,1,0.36,0.36,5,0
0,10049,4908,0,4908,1,0.365,0.365,5,0
0,10048,4908,0,4908,1,0.37,0.37,5,0
0,10046,4908,0,4908,1,0.375,0.375,5,0
0,10045,4908,0,4908,1,0.38,0.38,5,0
0,10043,4908,0,4908,1,0.385,0.385,5,0
0,10042,4908,0,4908,1,0.39,0.39,5,0
0,10041,4908,0,4908,1,0.395,0.395,5,0
0,10039,4909,0,4909,1,0.4,0.4,5,0
0,10038,4909,0,4909,1,0.405,0.405,5,0
0,10036,4909,0,4909,1,0.41,0.41,5,0
0,10034,4909,0,4909,1,0.415,0.415,5,0
0,10033,4909,0,4909,1,0.42,0.42,5,0
0,10031,4909,0,4909,1,0.425,0.425,5,0
0,10030,4909,0,4909,1,0.43,0.43,5,0
0,10028,4909,0,4909,1,0.435,0.435,5,0
0,10026,4909,0,4909,1,0.44,0.44,5,0
0,10025,4909,0,4909,1,0.445,0.445,5,0
0,10023,4910,0,4910,1,0.45,0.45,5,0
0,10021,4910,0,4910,1,0.455,0.455,5,0
0,10019,4910,0,4910,1,0.46,0.46,5,0
0,10018,4910,0,4910,1,0.465,0.465,5,0
0,10016,4910,0,4910,1,0.47,0.47,5,0
0,10014,4910,0,4910,1,0.475,0.475,5,0
0,10012,4910,0,4910,1,0.48,0.48,5,0
0,10010,4910,0,4910,1,0.485,0.485,5,0
0,10009,4910,0,4910,1,0.49,0.49,5,0
0,10007,4910,0,4910,1,0.495,0.495,5,0
0,10005,4911,0,4911,1,0.5,0.5,5,0
0,10003,4911,0,4911,1,0.505,0.505,5,0
0,10001,4911,0,4911,1,0.51,0.51,5,0
0,9999,4911,0,4911,1,0.515,0.515,5,0
0,9997,4911,0,4911,1,0.52,0.52,5,0
0,9995,4911,0,4911,1,0.525,0.525,5,0
0,9993,4911,0,4911,1,0.53,0.53,5,0
0,9991,4911,0,4911,1,0.535,0.535,5,0
0,9989,4911,0,4911,1,0.54,0.54,5,0
0,9987,4911,0,4911,1,0.545,0.545,5,0
0,9985,4912,0,4912,1,0.55,0.55,5,0
0,9982.9,4912,0,4912,1,0.555,0.555,5,0
0,9980.7,4912,0,4912,1,0.56,0.56,5,0
0,9978.5,4912,0,4912,1,0.565,0.565,5,0
0,9976.3,4912,0,4912,1,0.57,0.57,5,0
0,9974.1,4912,0,4912,1,0.575,0.575,5,0
0,9971.9,4912,0,4912,1,0.58,0.58,5,0
0,9969.8,4912,0,4912,1,0.585,0.585,5,0
0,9967.6,4912,0,4912,1,0.59,0.59,5,0
0,9965.4,4912,0,4912,1,0.595,0.595,5,0
0,9963.2,4913,0,4913,1,0.6,0.6,5,0
0,9960.8,4913,0,4913,1,0.605,0.605,5,0
0,9958.4,4913,0,4913,1,0.61,0.61,5,0
0,9956.1,4913,0,4913,1,0.615,0.615,5,0
0,9953.7,4913,0,4913,1,0.62,0.62,5,0
0,9951.3,4913,0,4913,1,0.625,0.625,5,0
0,9948.9,4913,0,4913,1,0.63,0.63,5,0
0,9946.6,4913,0,4913,1,0.635,0.635,5,0
0,9944.2,4913,0,4913,1,0.64,0.64,5,0
0,9941.8,4913,0,4913,1,0.645,0.645,5,0
0,9939.4,4914,0,4914,1,0.65,0.65,5,0
0,9936.9,4914,0,4914,1,0.655,0.655,5,0
0,9934.3,4914,0,4914,1,0.66,0.66,5,0
0,9931.8,4914,0,4914,1,0.665,0.665,5,0
0,9929.2,4914,0,4914,1,0.67,0.67,5,0
0,9926.6,4914,0,4914,1,0.675,0.675,5,0
0,9924.1,4914,0,4914,1,0.68,0.68,5,0
0,9921.5,4914,0,4914,1,0.685,0.685,5,0
0,9918.9,4914,0,4914,1,0.69,0.69,5,0
0,9916.4,4914,0,4914,1,0.695,0.695,5,0
0,9913.8,4915,0,4915,1,0.7,0.7,5,0
0,9911,4915,0,4915,1,0.705,0.705,5,0
0,9908.3,4915,0,4915,1,0.71,0.71,5,0
0,9905.5,4915,0,4915,1,0.715,0.715,5,0
0,9902.8,4915,0,4915,1,0.72,0.72,5,0
0,9900,4915,0,4915,1,0.725,0.725,5,0
0,9897.3,4915,0,4915,1,0.73,0.73,5,0
0,9894.5,4915,0,4915,1,0.735,0.735,5,0
0,9891.8,4915,0,4915,1,0.74,0.74,5,0
0,9889,4915,0,4915,1,0.745,0.745,5,0
0,9886.2,4916,0,4916,1,0.75,0.75,5,0
0,9883.3,4916,0,4916,1,0.755,0.755,5,0
0,9880.4,4916,0,4916,1,0.76,0.76,5,0
0,9877.4,4916,0,4916,1,0.765,0.765,5,0
0,9874.5,4916,0,4916,1,0.77,0.77,5,0
0,9871.5,4916,0,4916,1,0.775,0.775,5,0
0,9868.6,4916,0,4916,1,0.78,0.78,5,0
0,9865.6,4916,0,4916,1,0.785,0.785,5,0
0,9862.7,4916,0,4916,1,0.79,0.79,5,0
0,9859.7,4916,0,4916,1,0.795,0.795,5,0
0,9856.8,4917,0,4917,1,0.8,0.8,5,0
0,9853.7,4917,0,4917,1,0.805,0.805,5,0
0,9850.5,4917,0,4917,1,0.81,0.81,5,0
0,9847.4,4917,0,4917,1,0.815,0.815,5,0
0,9844.3,4917,0,4917,1,0.82,0.82,5,0
0,9841.1,4917,0,4917,1,0.825,0.825,5,0
0,9838,4917,0,4917,1,0.83,0.83,5,0
0,9834.9,4917,0,4917,1,0.835,0.835,5,0
0,9831.7,4917,0,4917,1,0.84,0.84,5,0
0,9828.6,4917,0,4917,1,0.845,0.845,5,0
0,9825.4,4918,0,4918,1,0.85,0.85,5,0
0,9822.1,4918,0,4918,1,0.855,0.855,5,0
0,9818.8,4918,0,4918,1,0.86,0.86,5,0
0,9815.5,4918,0,4918,1,0.865,0.865,5,0
0,9812.1,4918,0,4918,1,0.87,0.87,5,0
0,9808.8,4918,0,4918,1,0.875,0.875,5,0
0,9805.5,4918,0,4918,1,0.88,0.88,5,0
0,9802.2,4918,0,4918,1,0.885,0.885,5,0
0,9798.8,4918,0,4918,1,0.89,0.89,5,0
0,9795.5,4918,0,4918,1,0.895,0.895,5,0
0,9792.2,4919,0,4919,1,0.9,0.9,5,0
0,9788.7,4919,0,4919,1,0.905,0.905,5,0
0,9785.2,4919,0,4919,1,0.91,0.91,5,0
0,9781.7,4919,0,4919,1,0.915,0.915,5,0
0,9778.1,4919,0,4919,1,0.92,0.92,5,0
0,9774.6,4919,0,4919,1,0.925,0.925,5,0
0,9771.1,4919,0,4919,1,0.93,0.93,5,0
0,9767.6,4919,0,4919,1,0.935,0.935,5,0
0,9764.1,4919,0,4919,1,0.94,0.94,5,0
0,9760.6,4919,0,4919,1,0.945,0.945,5,0
0,9757,4920,0,4920,1,0.95,0.95,5,0
0,9753.3,4920,0,4920,1,0.955,0.955,5,0
0,9749.6,4920,0,4920,1,0.96,0.96,5,0
0,9745.9,4920,0,4920,1,0.965,0.965,5,0
0,9742.2,4920,0,4920,1,0.97,0.97,5,0
0,9738.5,4920,0,4920,1,0.975,0.975,5,0
0,9734.8,4920,0,4920,1,0.98,0.98,5,0
0,9731.1,4920,0,4920,1,0.985,0.985,5,0
0,9727.4,4920,0,4920,1,0.99,0.99,5,0
0,9723.7,4920,0,4920,1,0.995,0.995,5,0
0,9720,4921,0,4921,1,1,1,5,0
0,9716.1,4921,0,4921,1,1.005,1.005,5,0
0,9712.2,4921,0,4921,1,1.01,1.01,5,0
0,9708.3,4921,0,4921,1,1.015,1.015,5,0
0,9704.4,4921,0,4921,1,1.02,1.02,5,0
0,9700.5,4921,0,4921,1,1.025,1.025,5,0
0,9696.6,4921,0,4921,1,1.03,1.03,5,0
0,9692.7,4921,0,4921,1,1.035,1.035,5,0
0,9688.8,4921,0,4921,1,1.04,1.04,5,0
0,9684.9,4921,0,4921,1,1.045,1.045,5,0
0,9681,4921,0,4921,1,1.05,1.05,5,0
0,9677,4922,0,4922,1,1.055,1.055,5,0
0,9672.9,4922,0,4922,1,1.06,1.06,5,0
0,9668.8,4922,0,4922,1,1.065,1.065,5,0
0,9664.7,4922,0,4922,1,1.07,1.07,5,0
0,9660.6,4922,0,4922,1,1.075,1.075,5,0
0,9656.5,4922,0,4922,1,1.08,1.08,5,0
0,9652.5,4922,0,4922,1,1.085,1.085,5,0
0,9648.4,4922,0,4922,1,1.09,1.09,5,0
0,9644.3,4922,0,4922,1,1.095,1.095,5,0
0,9640.2,4923,0,4923,1,1.1,1.1,5,0
0,9635.9,4923,0,4923,1,1.105,1.105,5,0
0,9631.6,4923,0,4923,1,1.11,1.11,5,0
0,9627.4,4923,0,4923,1,1.115,1.115,5,0
0,9623.1,4923,0,4923,1,1.12,1.12,5,0
0,9618.8,4923,0,4923,1,1.125,1.125,5,0
0,9614.5,4923,0,4923,1,1.13,1.13,5,0
0,9610.3,4923,0,4923,1,1.135,1.135,5,0
0,9606,4923,0,4923,1,1.14,1.14,5,0
0,9601.7,4923,0,4923,1,1.145,1.145,5,0
0,9597.4,4924,0,4924,1,1.15,1.15,5,0
0,9593,4924,0,4924,1,1.155,1.155,5,0
0,9588.5,4924,0,4924,1,1.16,1.16,5,0
0,9584.1,4924,0,4924,1,1.165,1.165,5,0
0,9579.6,4924,0,4924,1,1.17,1.17,5,0
0,9575.1,4924,0,4924,1,1.175,1.175,5,0
0,9570.7,4924,0,4924,1,1.18,1.18,5,0
0,9566.2,4924,0,4924,1,1.185,1.185,5,0
0,9561.7,4924,0,4924,1,1.19,1.19,5,0
0,9557.3,4924,0,4924,1,1.195,1.195,5,0
0,9552.8,4925,0,4925,1,1.2,1.2,5,0
0,9548.1,4925,0,4925,1,1.205,1.205,5,0
0,9543.5,4925,0,4925,1,1.21,1.21,5,0
0,9538.8,4925,0,4925,1,1.215,1.215,5,0
0,9534.2,4925,0,4925,1,1.22,1.22,5,0
0,9529.5,4925,0,4925,1,1.225,1.225,5,0
0,9524.9,4925,0,4925,1,1.23,1.23,5,0
0,9520.2,4925,0,4925,1,1.235,1.235,5,0
0,9515.6,4925,0,4925,1,1.24,1.24,5,0
0,9510.9,4925,0,4925,1,1.245,1.245,5,0
0,9506.2,4926,0,4926,1,1.25,1.25,5,0
0,9501.4,4926,0,4926,1,1.255,1.255,5,0
0,9496.6,4926,0,4926,1,1.26,1.26,5,0
0,9491.7,4926,0,4926,1,1.265,1.265,5,0
0,9486.9,4926,0,4926,1,1.27,1.27,5,0
0,9482,4926,0,4926,1,1.275,1.275,5,0
0,9477.2,4926,0,4926,1,1.28,1.28,5,0
0,9472.3,4926,0,4926,1,1.285,1.285,5,0
0,9467.5,4926,0,4926,1,1.29,1.29,5,0
0,9462.6,4926,0,4926,1,1.295,1.295,5,0
0,9457.8,4927,0,4927,1,1.3,1.3,5,0
0,9452.8,4927,0,4927,1,1.305,1.305,5,0
0,9447.7,4927,0,4927,1,1.31,1.31,5,0
0,9442.7,4927,0,4927,1,1.315,1.315,5,0
0,9437.7,4927,0,4927,1,1.32,1.32,5,0
0,9432.6,4927,0,4927,1,1.325,1.325,5,0
0,9427.6,4927,0,4927,1,1.33,1.33,5,0
0,9422.6,4927,0,4927,1,1.335,1.335,5,0
0,9417.5,4927,0,4927,1,1.34,1.34,5,0
0,9412.5,4927,0,4927,1,1.345,1.345,5,0
0,9407.4,4928,0,4928,1,1.35,1.35,5,0
0,9402.2,4928,0,4928,1,1.355,1.355,5,0
0,9397,4928,0,4928,1,1.36,1.36,5,0
0,9391.8,4928,0,4928,1,1.365,1.365,5,0
0,9386.5,4928,0,4928,1,1.37,1.37,5,0
0,9381.3,4928,0,4928,1,1.375,1.375,5,0
0,9376.1,4928,0,4928,1,1.38,1.38,5,0
0,9370.9,4928,0,4928,1,1.385,1.385,5,0
0,9365.6,4928,0,4928,1,1.39,1.39,5,0
0,9360.4,4928,0,4928,1,1.395,1.395,5,0
0,9355.2,4929,0,4929,1,1.4,1.4,5,0
0,9349.8,4929,0,4929,1,1.405,1.405,5,0
0,9344.4,4929,0,4929,1,1.41,1.41,5,0
0,9339,4929,0,4929,1,1.415,1.415,5,0
0,9333.5,4929,0,4929,1,1.42,1.42,5,0
0,9328.1,4929,0,4929,1,1.425,1.425,5,0
0,9322.7,4929,0,4929,1,1.43,1.43,5,0
0,9317.3,4929,0,4929,1,1.435,1.435,5,0
0,9311.9,4929,0,4929,1,1.44,1.44,5,0
0,9306.5,4929,0,4929,1,1.445,1.445,5,0
0,9301,4930,0,4930,1,1.45,1.45,5,0
0,9295.4,4930,0,4930,1,1.455,1.455,5,0
0,9289.8,4930,0,4930,1,1.46,1.46,5,0
0,9284.2,4930,0,4930,1,1.465,1.465,5,0
0,9278.6,4930,0,4930,1,1.47,1.47,5,0
0,9273,4930,0,4930,1,1.475,1.475,5,0
0,9267.4,4930,0,4930,1,1.48,1.48,5,0
0,9261.8,4930,0,4930,1,1.485,1.485,5,0
0,9256.2,4930,0,4930,1,1.49,1.49,5,0
0,9250.6,4930,0,4930,1,1.495,1.495,5,0
0,9245,4931,0,4931,1,1.5,1.5,5,0
0,9239.2,4931,0,4931,1,1.505,1.505,5,0
0,9233.4,4931,0,4931,1,1.51,1.51,5,0
0,9227.6,4931,0,4931,1,1.515,1.515,5,0
0,9221.8,4931,0,4931,1,1.52,1.52,5,0
0,9216,4931,0,4931,1,1.525,1.525,5,0
0,9210.2,4931,0,4931,1,1.53,1.53,5,0
0,9204.4,4931,0,4931,1,1.535,1.535,5,0
0,9198.6,4931,0,4931,1,1.54,1.54,5,0
0,9192.8,4931,0,4931,1,1.545,1.545,5,0
0,9187,4932,0,4932,1,1.55,1.55,5,0
0,9181.1,4932,0,4932,1,1.555,1.555,5,0
0,9175.1,4932,0,4932,1,1.56,1.56,5,0
0,9169.1,4932,0,4932,1,1.565,1.565,5,0
0,9163.1,4932,0,4932,1,1.57,1.57,5,0
0,9157.1,4932,0,4932,1,1.575,1.575,5,0
0,9151.1,4932,0,4932,1,1.58,1.58,5,0
0,9145.2,4932,0,4932,1,1.585,1.585,5,0
0,9139.2,4932,0,4932,1,1.59,1.59,5,0
0,9133.2,4932,0,4932,1,1.595,1.595,5,0
0,9127.2,4933,0,4933,1,1.6,1.6,5,0
0,9121,4933,0,4933,1,1.605,1.605,5,0
0,9114.8,4933,0,4933,1,1.61,1.61,5,0
0,9108.7,4933,0,4933,1,1.615,1.615,5,0
0,9102.5,4933,0,4933,1,1.62,1.62,5,0
0,9096.3,4933,0,4933,1,1.625,1.625,5,0
0,9090.1,4933,0,4933,1,1.63,1.63,5,0
0,9084,4933,0,4933,1,1.635,1.635,5,0
0,9077.8,4933,0,4933,1,1.64,1.64,5,0
0,9071.6,4933,0,4933,1,1.645,1.645,5,0
0,9065.4,4934,0,4934,1,1.65,1.65,5,0
0,9059.1,4934,0,4934,1,1.655,1.655,5,0
0,9052.7,4934,0,4934,1,1.66,1.66,5,0
0,9046.4,4934,0,4934,1,1.665,1.665,5,0
0,9040,4934,0,4934,1,1.67,1.67,5,0
0,9033.6,4934,0,4934,1,1.675,1.675,5,0
0,9027.3,4934,0,4934,1,1.68,1.68,5,0
0,9020.9,4934,0,4934,1,1.685,1.685,5,0
0,9014.5,4934,0,4934,1,1.69,1.69,5,0
0,9008.2,4934,0,4934,1,1.695,1.695,5,0
0,9001.8,4935,0,4935,1,1.7,1.7,5,0
0,8995.2,4935,0,4935,1,1.705,1.705,5,0
0,8988.7,4935,0,4935,1,1.71,1.71,5,0
0,8982.1,4935,0,4935,1,1.715,1.715,5,0
0,8975.6,4935,0,4935,1,1.72,1.72,5,0
0,8969,4935,0,4935,1,1.725,1.725,5,0
0,8962.5,4935,0,4935,1,1.73,1.73,5,0
0,8955.9,4935,0,4935,1,1.735,1.735,5,0
0,8949.4,4935,0,4935,1,1.74,1.74,5,0
0,8942.8,4935,0,4935,1,1.745,1.745,5,0
0,8936.2,4936,0,4936,1,1.75,1.75,5,0
0,8929.5,4936,0,4936,1,1.755,1.755,5,0
0,8922.8,4936,0,4936,1,1.76,1.76,5,0
0,8916,4936,0,4936,1,1.765,1.765,5,0
0,8909.3,4936,0,4936,1,1.77,1.77,5,0
0,8902.5,4936,0,4936,1,1.775,1.775,5,0
0,8895.8,4936,0,4936,1,1.78,1.78,5,0
0,8889,4936,0,4936,1,1.785,1.785,5,0
0,8882.3,4936,0,4936,1,1.79,1.79,5,0
0,8875.5,4936,0,4936,1,1.795,1.795,5,0
0,8868.8,4937,0,4937,1,1.8,1.8,5,0
0,8861.9,4937,0,4937,1,1.805,1.805,5,0
0,8854.9,4937,0,4937,1,1.81,1.81,5,0
0,8848,4937,0,4937,1,1.815,1.815,5,0
0,8841.1,4937,0,4937,1,1.82,1.82,5,0
0,8834.1,4937,0,4937,1,1.825,1.825,5,0
0,8827.2,4937,0,4937,1,1.83,1.83,5,0
0,8820.3,4937,0,4937,1,1.835,1.835,5,0
0,8813.3,4937,0,4937,1,1.84,1.84,5,0
0,8806.4,4937,0,4937,1,1.845,1.845,5,0
0,8799.4,4938,0,4938,1,1.85,1.85,5,0
0,8792.3,4938,0,4938,1,1.855,1.855,5,0
0,8785.2,4938,0,4938,1,1.86,1.86,5,0
0,8778.1,4938,0,4938,1,1.865,1.865,5,0
0,8770.9,4938,0,4938,1,1.87,1.87,5,0
0,8763.8,4938,0,4938,1,1.875,1.875,5,0
0,8756.7,4938,0,4938,1,1.88,1.88,5,0
0,8749.6,4938,0,4938,1,1.885,1.885,5,0
0,8742.4,4938,0,4938,1,1.89,1.89,5,0
0,8735.3,4938,0,4938,1,1.895,1.895,5,0
0,8728.2,4939,0,4939,1,1.9,1.9,5,0
0,8720.9,4939,0,4939,1,1.905,1.905,5,0
0,8713.6,4939,0,4939,1,1.91,1.91,5,0
0,8706.3,4939,0,4939,1,1.915,1.915,5,0
0,8698.9,4939,0,4939,1,1.92,1.92,5,0
0,8691.6,4939,0,4939,1,1.925,1.925,5,0
0,8684.3,4939,0,4939,1,1.93,1.93,5,0
0,8677,4939,0,4939,1,1.935,1.935,5,0
0,8669.7,4939,0,4939,1,1.94,1.94,5,0
0,8662.4,4939,0,4939,1,1.945,1.945,5,0
0,8655,4940,0,4940,1,1.95,1.95,5,0
0,8647.5,4940,0,4940,1,1.955,1.955,5,0
0,8640,4940,0,4940,1,1.96,1.96,5,0
0,8632.5,4940,0,4940,1,1.965,1.965,5,0
0,8625,4940,0,4940,1,1.97,1.97,5,0
0,8617.5,4940,0,4940,1,1.975,1.975,5,0
0,8610,4940,0,4940,1,1.98,1.98,5,0
0,8602.5,4940,0,4940,1,1.985,1.985,5,0
0,8595,4940,0,4940,1,1.99,1.99,5,0
0,8587.5,4940,0,4940,1,1.995,1.995,5,0
0,8580,4941,0,4941,1,2,2,5,0
0,8572.3,4941,0,4941,1,2.005,2.005,5,0
0,8564.6,4941,0,4941,1,2.01,2.01,5,0
0,8556.9,4941,0,4941,1,2.015,2.015,5,0
0,8549.2,4941,0,4941,1,2.02,2.02,5,0
0,8541.5,4941,0,4941,1,2.025,2.025,5,0
0,8533.8,4941,0,4941,1,2.03,2.03,5,0
0,8526.1,4941,0,4941,1,2.035,2.035,5,0
0,8518.4,4941,0,4941,1,2.04,2.04,5,0
0,8510.7,4941,0,4941,1,2.045,2.045,5,0
0,8503,4942,0,4942,1,2.05,2.05,5,0
0,8495.2,4942,0,4942,1,2.055,2.055,5,0
0,8487.3,4942,0,4942,1,2.06,2.06,5,0
0,8479.4,4942,0,4942,1,2.065,2.065,5,0
0,8471.5,4942,0,4942,1,2.07,2.07,5,0
0,8463.6,4942,0,4942,1,2.075,2.075,5,0
0,8455.7,4942,0,4942,1,2.08,2.08,5,0
0,8447.9,4942,0,4942,1,2.085,2.085,5,0
0,8440,4942,0,4942,1,2.09,2.09,5,0
0,8432.1,4942,0,4942,1,2.095,2.095,5,0
0,8424.2,4943,0,4943,1,2.1,2.1,5,0
0,8416.1,4943,0,4943,1,2.105,2.105,5,0
0,8408.1,4943,0,4943,1,2.11,2.11,5,0
0,8400,4943,0,4943,1,2.115,2.115,5,0
0,8391.9,4943,0,4943,1,2.12,2.12,5,0
0,8383.8,4943,0,4943,1,2.125,2.125,5,0
0,8375.7,4943,0,4943,1,2.13,2.13,5,0
0,8367.7,4943,0,4943,1,2.135,2.135,5,0
0,8359.6,4943,0,4943,1,2.14,2.14,5,0
0,8351.5,4943,0,4943,1,2.145,2.145,5,0
0,8343.4,4944,0,4944,1,2.15,2.15,5,0
0,8335.2,4944,0,4944,1,2.155,2.155,5,0
0,8326.9,4944,0,4944,1,2.16,2.16,5,0
0,8318.7,4944,0,4944,1,2.165,2.165,5,0
0,8310.4,4944,0,4944,1,2.17,2.17,5,0
0,8302.1,4944,0,4944,1,2.175,2.175,5,0
0,8293.9,4944,0,4944,1,2.18,2.18,5,0
0,8285.6,4944,0,4944,1,2.185,2.185,5,0
0,8277.3,4944,0,4944,1,2.19,2.19,5,0
0,8269.1,4944,0,4944,1,2.195,2.195,5,0
0,8260.8,4945,0,4945,1,2.2,2.2,5,0
0,8252.3,4945,0,4945,1,2.205,2.205,5,0
0,8243.9,4945,0,4945,1,2.21,2.21,5,0
0,8235.4,4945,0,4945,1,2.215,2.215,5,0
0,8227,4945,0,4945,1,2.22,2.22,5,0
0,8218.5,4945,0,4945,1,2.225,2.225,5,0
0,8210.1,4945,0,4945,1,2.23,2.23,5,0
0,8201.6,4945,0,4945,1,2.235,2.235,5,0
0,8193.2,4945,0,4945,1,2.24,2.24,5,0
0,8184.7,4945,0,4945,1,2.245,2.245,5,0
0,8176.2,4946,0,4946,1,2.25,2.25,5,0
0,8167.6,4946,0,4946,1,2.255,2.255,5,0
0,8159,4946,0,4946,1,2.26,2.26,5,0
0,8150.3,4946,0,4946,1,2.265,2.265,5,0
0,8141.7,4946,0,4946,1,2.27,2.27,5,0
0,8133,4946,0,4946,1,2.275,2.275,5,0
0,8124.4,4946,0,4946,1,2.28,2.28,5,0
0,8115.7,4946,0,4946,1,2.285,2.285,5,0
0,8107.1,4946,0,4946,1,2.29,2.29,5,0
0,8098.4,4946,0,4946,1,2.295,2.295,5,0
0,8089.8,4947,0,4947,1,2.3,2.3,5,0
0,8081,4947,0,4947,1,2.305,2.305,5,0
0,8072.1,4947,0,4947,1,2.31,2.31,5,0
0,8063.3,4947,0,4947,1,2.315,2.315,5,0
0,8054.5,4947,0,4947,1,2.32,2.32,5,0
0,8045.6,4947,0,4947,1,2.325,2.325,5,0
0,8036.8,4947,0,4947,1,2.33,2.33,5,0
0,8028,4947,0,4947,1,2.335,2.335,5,0
0,8019.1,4947,0,4947,1,2.34,2.34,5,0
0,8010.3,4947,0,4947,1,2.345,2.345,5,0
0,8001.4,4948,0,4948,1,2.35,2.35,5,0
0,7992.4,4948,0,4948,1,2.355,2.355,5,0
0,7983.4,4948,0,4948,1,2.36,2.36,5,0
0,7974.4,4948,0,4948,1,2.365,2.365,5,0
0,7965.4,4948,0,4948,1,2.37,2.37,5,0
0,7956.3,4948,0,4948,1,2.375,2.375,5,0
0,7947.3,4948,0,4948,1,2.38,2.38,5,0
0,7938.3,4948,0,4948,1,2.385,2.385,5,0
0,7929.2,4948,0,4948,1,2.39,2.39,5,0
0,7920.2,4948,0,4948,1,2.395,2.395,5,0
0,7911.2,4949,0,4949,1,2.4,2.4,5,0
0,7902,4949,0,4949,1,2.405,2.405,5,0
0,7892.8,4949,0,4949,1,2.41,2.41,5,0
0,7883.6,4949,0,4949,1,2.415,2.415,5,0
0,7874.3,4949,0,4949,1,2.42,2.42,5,0
0,7865.1,4949,0,4949,1,2.425,2.425,5,0
0,7855.9,4949,0,4949,1,2.43,2.43,5,0
0,7846.7,4949,0,4949,1,2.435,2.435,5,0
0,7837.5,4949,0,4949,1,2.44,2.44,5,0
0,7828.3,4949,0,4949,1,2.445,2.445,5,0
0,7819,4950,0,4950,1,2.45,2.45,5,0
0,7809.6,4950,0,4950,1,2.455,2.455,5,0
0,7800.2,4950,0,4950,1,2.46,2.46,5,0
0,7790.8,4950,0,4950,1,2.465,2.465,5,0
0,7781.4,4950,0,4950,1,2.47,2.47,5,0
0,7772,4950,0,4950,1,2.475,2.475,5,0
0,7762.6,4950,0,4950,1,2.48,2.48,5,0
0,7753.2,4950,0,4950,1,2.485,2.485,5,0
0,7743.8,4950,0,4950,1,2.49,2.49,5,0
0,7734.4,4950,0,4950,1,2.495,2.495,5,0
0,7725,4951,0,4951,1,2.5,2.5,5,0
0,7715.4,4951,0,4951,1,2.505,2.505,5,0
0,7705.8,4951,0,4951,1,2.51,2.51,5,0
0,7696.2,4951,0,4951,1,2.515,2.515,5,0
0,7686.6,4951,0,4951,1,2.52,2.52,5,0
0,7677,4951,0,4951,1,2.525,2.525,5,0
0,7667.4,4951,0,4951,1,2.53,2.53,5,0
0,7657.8,4951,0,4951,1,2.535,2.535,5,0
0,7648.2,4951,0,4951,1,2.54,2.54,5,0
0,7638.6,4951,0,4951,1,2.545,2.545,5,0
0,7629,4952,0,4952,1,2.55,2.55,5,0
0,7619.3,4952,0,4952,1,2.555,2.555,5,0
0,7609.5,4952,0,4952,1,2.56,2.56,5,0
0,7599.7,4952,0,4952,1,2.565,2.565,5,0
0,7589.9,4952,0,4952,1,2.57,2.57,5,0
0,7580.1,4952,0,4952,1,2.575,2.575,5,0
0,7570.3,4952,0,4952,1,2.58,2.58,5,0
0,7560.6,4952,0,4952,1,2.585,2.585,5,0
0,7550.8,4952,0,4952,1,2.59,2.59,5,0
0,7541,4952,0,4952,1,2.595,2.595,5,0
0,7531.2,4953,0,4953,1,2.6,2.6,5,0
0,7521.2,4953,0,4953,1,2.605,2.605,5,0
0,7511.3,4953,0,4953,1,2.61,2.61,5,0
0,7501.3,4953,0,4953,1,2.615,2.615,5,0
0,7491.3,4953,0,4953,1,2.62,2.62,5,0
0,7481.3,4953,0,4953,1,2.625,2.625,5,0
0,7471.3,4953,0,4953,1,2.63,2.63,5,0
0,7461.4,4953,0,4953,1,2.635,2.635,5,0
0,7451.4,4953,0,4953,1,2.64,2.64,5,0
0,7441.4,4953,0,4953,1,2.645,2.645,5,0
0,7431.5,4954,0,4954,1,2.65,2.65,5,0
0,7421.3,4954,0,4954,1,2.655,2.655,5,0
0,7411.1,4954,0,4954,1,2.66,2.66,5,0
0,7401,4954,0,4954,1,2.665,2.665,5,0
0,7390.8,4954,0,4954,1,2.67,2.67,5,0
0,7380.6,4954,0,4954,1,2.675,2.675,5,0
0,7370.5,4954,0,4954,1,2.68,2.68,5,0
0,7360.3,4954,0,4954,1,2.685,2.685,5,0
0,7350.1,4954,0,4954,1,2.69,2.69,5,0
0,7340,4954,0,4954,1,2.695,2.695,5,0
0,7329.8,4955,0,4955,1,2.7,2.7,5,0
0,7319.4,4955,0,4955,1,2.705,2.705,5,0
0,7309.1,4955,0,4955,1,2.71,2.71,5,0
0,7298.7,4955,0,4955,1,2.715,2.715,5,0
0,7288.4,4955,0,4955,1,2.72,2.72,5,0
0,7278,4955,0,4955,1,2.725,2.725,5,0
0,7267.7,4955,0,4955,1,2.73,2.73,5,0
0,7257.3,4955,0,4955,1,2.735,2.735,5,0
0,7247,4955,0,4955,1,2.74,2.74,5,0
0,7236.6,4955,0,4955,1,2.745,2.745,5,0
0,7226.3,4956,0,4956,1,2.75,2.75,5,0
0,7215.7,4956,0,4956,1,2.755,2.755,5,0
0,7205.2,4956,0,4956,1,2.76,2.76,5,0
0,7194.6,4956,0,4956,1,2.765,2.765,5,0
0,7184.1,4956,0,4956,1,2.77,2.77,5,0
0,7173.5,4956,0,4956,1,2.775,2.775,5,0
0,7163,4956,0,4956,1,2.78,2.78,5,0
0,7152.4,4956,0,4956,1,2.785,2.785,5,0
0,7141.9,4956,0,4956,1,2.79,2.79,5,0
0,7131.3,4956,0,4956,1,2.795,2.795,5,0
0,7120.8,4957,0,4957,1,2.8,2.8,5,0
0,7110.1,4957,0,4957,1,2.805,2.805,5,0
0,7099.3,4957,0,4957,1,2.81,2.81,5,0
0,7088.6,4957,0,4957,1,2.815,2.815,5,0
0,7077.9,4957,0,4957,1,2.82,2.82,5,0
0,7067.1,4957,0,4957,1,2.825,2.825,5,0
0,7056.4,4957,0,4957,1,2.83,2.83,5,0
0,7045.7,4957,0,4957,1,2.835,2.835,5,0
0,7034.9,4957,0,4957,1,2.84,2.84,5,0
0,7024.2,4957,0,4957,1,2.845,2.845,5,0
0,7013.5,4958,0,4958,1,2.85,2.85,5,0
0,7002.5,4958,0,4958,1,2.855,2.855,5,0
0,6991.6,4958,0,4958,1,2.86,2.86,5,0
0,6980.7,4958,0,4958,1,2.865,2.865,5,0
0,6969.8,4958,0,4958,1,2.87,2.87,5,0
0,6958.8,4958,0,4958,1,2.875,2.875,5,0
0,6947.9,4958,0,4958,1,2.88,2.88,5,0
0,6937,4958,0,4958,1,2.885,2.885,5,0
0,6926,4958,0,4958,1,2.89,2.89,5,0
0,6915.1,4958,0,4958,1,2.895,2.895,5,0
0,6904.2,4959,0,4959,1,2.9,2.9,5,0
0,6893.1,4959,0,4959,1,2.905,2.905,5,0
0,6882,4959,0,4959,1,2.91,2.91,5,0
0,6870.9,4959,0,4959,1,2.915,2.915,5,0
0,6859.7,4959,0,4959,1,2.92,2.92,5,0
0,6848.6,4959,0,4959,1,2.925,2.925,5,0
0,6837.5,4959,0,4959,1,2.93,2.93,5,0
0,6826.4,4959,0,4959,1,2.935,2.935,5,0
0,6815.3,4959,0,4959,1,2.94,2.94,5,0
0,6804.2,4959,0,4959,1,2.945,2.945,5,0
0,6793.1,4960,0,4960,1,2.95,2.95,5,0
0,6781.7,4960,0,4960,1,2.955,2.955,5,0
0,6770.4,4960,0,4960,1,2.96,2.96,5,0
0,6759.1,4960,0,4960,1,2.965,2.965,5,0
0,6747.8,4960,0,4960,1,2.97,2.97,5,0
0,6736.5,4960,0,4960,1,2.975,2.975,5,0
0,6725.2,4960,0,4960,1,2.98,2.98,5,0
0,6713.9,4960,0,4960,1,2.985,2.985,5,0
0,6702.6,4960,0,4960,1,2.99,2.99,5,0
0,6691.3,4960,0,4960,1,2.995,2.995,5,0
0,6680,4960,0,4960,1,3,3,5,0
0,6668.5,4961,0,4961,1,3.005,3.005,5,0
0,6657,4961,0,4961,1,3.01,3.01,5,0
0,6645.5,4961,0,4961,1,3.015,3.015,5,0
0,6634,4961,0,4961,1,3.02,3.02,5,0
0,6622.5,4961,0,4961,1,3.025,3.025,5,0
0,6611,4961,0,4961,1,3.03,3.03,5,0
0,6599.5,4961,0,4961,1,3.035,3.035,5,0
0,6588,4961,0,4961,1,3.04,3.04,5,0
0,6576.5,4961,0,4961,1,3.045,3.045,5,0
0,6565.1,4962,0,4962,1,3.05,3.05,5,0
0,6553.4,4962,0,4962,1,3.055,3.055,5,0
0,6541.7,4962,0,4962,1,3.06,3.06,5,0
0,6530,4962,0,4962,1,3.065,3.065,5,0
0,6518.3,4962,0,4962,1,3.07,3.07,5,0
0,6506.6,4962,0,4962,1,3.075,3.075,5,0
0,6494.9,4962,0,4962,1,3.08,3.08,5,0
0,6483.3,4962,0,4962,1,3.085,3.085,5,0
0,6471.6,4962,0,4962,1,3.09,3.09,5,0
0,6459.9,4962,0,4962,1,3.095,3.095,5,0
0,6448.2,4963,0,4963,1,3.1,3.1,5,0
0,6436.3,4963,0,4963,1,3.105,3.105,5,0
0,6424.5,4963,0,4963,1,3.11,3.11,5,0
0,6412.6,4963,0,4963,1,3.115,3.115,5,0
0,6400.7,4963,0,4963,1,3.12,3.12,5,0
0,6388.8,4963,0,4963,1,3.125,3.125,5,0
0,6376.9,4963,0,4963,1,3.13,3.13,5,0
0,6365.1,4963,0,4963,1,3.135,3.135,5,0
0,6353.2,4963,0,4963,1,3.14,3.14,5,0
0,6341.3,4963,0,4963,1,3.145,3.145,5,0
0,6329.5,4964,0,4964,1,3.15,3.15,5,0
0,6317.4,4964,0,4964,1,3.155,3.155,5,0
0,6305.3,4964,0,4964,1,3.16,3.16,5,0
0,6293.3,4964,0,4964,1,3.165,3.165,5,0
0,6281.2,4964,0,4964,1,3.17,3.17,5,0
0,6269.1,4964,0,4964,1,3.175,3.175,5,0
0,6257.1,4964,0,4964,1,3.18,3.18,5,0
0,6245,4964,0,4964,1,3.185,3.185,5,0
0,6232.9,4964,0,4964,1,3.19,3.19,5,0
0,6220.9,4964,0,4964,1,3.195,3.195,5,0
0,6208.8,4965,0,4965,1,3.2,3.2,5,0
0,6196.5,4965,0,4965,1,3.205,3.205,5,0
0,6184.3,4965,0,4965,1,3.21,3.21,5,0
0,6172,4965,0,4965,1,3.215,3.215,5,0
0,6159.8,4965,0,4965,1,3.22,3.22,5,0
0,6147.5,4965,0,4965,1,3.225,3.225,5,0
0,6135.3,4965,0,4965,1,3.23,3.23,5,0
0,6123,4965,0,4965,1,3.235,3.235,5,0
0,6110.8,4965,0,4965,1,3.24,3.24,5,0
0,6098.5,4965,0,4965,1,3.245,3.245,5,0
0,6086.3,4966,0,4966,1,3.25,3.25,5,0
0,6073.8,4966,0,4966,1,3.255,3.255,5,0
0,6061.4,4966,0,4966,1,3.26,3.26,5,0
0,6048.9,4966,0,4966,1,3.265,3.265,5,0
0,6036.5,4966,0,4966,1,3.27,3.27,5,0
0,6024,4966,0,4966,1,3.275,3.275,5,0
0,6011.6,4966,0,4966,1,3.28,3.28,5,0
0,5999.1,4966,0,4966,1,3.285,3.285,5,0
0,5986.7,4966,0,4966,1,3.29,3.29,5,0
0,5974.2,4966,0,4966,1,3.295,3.295,5,0
0,5961.8,4967,0,4967,1,3.3,3.3,5,0
0,5949.2,4967,0,4967,1,3.305,3.305,5,0
0,5936.5,4967,0,4967,1,3.31,3.31,5,0
0,5923.9,4967,0,4967,1,3.315,3.315,5,0
0,5911.3,4967,0,4967,1,3.32,3.32,5,0
0,5898.6,4967,0,4967,1,3.325,3.325,5,0
0,5886,4967,0,4967,1,3.33,3.33,5,0
0,5873.4,4967,0,4967,1,3.335,3.335,5,0
0,5860.7,4967,0,4967,1,3.34,3.34,5,0
0,5848.1,4967,0,4967,1,3.345,3.345,5,0
0,5835.5,4968,0,4968,1,3.35,3.35,5,0
0,5822.6,4968,0,4968,1,3.355,3.355,5,0
0,5809.8,4968,0,4968,1,3.36,3.36,5,0
0,5797,4968,0,4968,1,3.365,3.365,5,0
0,5784.2,4968,0,4968,1,3.37,3.37,5,0
0,5771.3,4968,0,4968,1,3.375,3.375,5,0
0,5758.5,4968,0,4968,1,3.38,3.38,5,0
0,5745.7,4968,0,4968,1,3.385,3.385,5,0
0,5732.8,4968,0,4968,1,3.39,3.39,5,0
0,5720,4968,0,4968,1,3.395,3.395,5,0
0,5707.2,4969,0,4969,1,3.4,3.4,5,0
0,5694.2,4969,0,4969,1,3.405,3.405,5,0
0,5681.2,4969,0,4969,1,3.41,3.41,5,0
0,5668.2,4969,0,4969,1,3.415,3.415,5,0
0,5655.1,4969,0,4969,1,3.42,3.42,5,0
0,5642.1,4969,0,4969,1,3.425,3.425,5,0
0,5629.1,4969,0,4969,1,3.43,3.43,5,0
0,5616.1,4969,0,4969,1,3.435,3.435,5,0
0,5603.1,4969,0,4969,1,3.44,3.44,5,0
0,5590.1,4969,0,4969,1,3.445,3.445,5,0
0,5577.1,4970,0,4970,1,3.45,3.45,5,0
0,5563.8,4970,0,4970,1,3.455,3.455,5,0
0,5550.6,4970,0,4970,1,3.46,3.46,5,0
0,5537.4,4970,0,4970,1,3.465,3.465,5,0
0,5524.2,4970,0,4970,1,3.47,3.47,5,0
0,5511,4970,0,4970,1,3.475,3.475,5,0
0,5497.8,4970,0,4970,1,3.48,3.48,5,0
0,5484.6,4970,0,4970,1,3.485,3.485,5,0
0,5471.4,4970,0,4970,1,3.49,3.49,5,0
0,5458.2,4970,0,4970,1,3.495,3.495,5,0
0,5445,4971,0,4971,1,3.5,3.5,5,0
0,5431.6,4971,0,4971,1,3.505,3.505,5,0
0,5418.2,4971,0,4971,1,3.51,3.51,5,0
0,5404.8,4971,0,4971,1,3.515,3.515,5,0
0,5391.4,4971,0,4971,1,3.52,3.52,5,0
0,5378,4971,0,4971,1,3.525,3.525,5,0
0,5364.6,4971,0,4971,1,3.53,3.53,5,0
0,5351.2,4971,0,4971,1,3.535,3.535,5,0
0,5337.8,4971,0,4971,1,3.54,3.54,5,0
0,5324.4,4971,0,4971,1,3.545,3.545,5,0
0,5311.1,4972,0,4972,1,3.55,3.55,5,0
0,5297.5,4972,0,4972,1,3.555,3.555,5,0
0,5283.9,4972,0,4972,1,3.56,3.56,5,0
0,5270.3,4972,0,4972,1,3.565,3.565,5,0
0,5256.7,4972,0,4972,1,3.57,3.57,5,0
0,5243.1,4972,0,4972,1,3.575,3.575,5,0
0,5229.5,4972,0,4972,1,3.58,3.58,5,0
0,5216,4972,0,4972,1,3.585,3.585,5,0
0,5202.4,4972,0,4972,1,3.59,3.59,5,0
0,5188.8,4972,0,4972,1,3.595,3.595,5,0
0,5175.2,4973,0,4973,1,3.6,3.6,5,0
0,5161.4,4973,0,4973,1,3.605,3.605,5,0
0,5147.7,4973,0,4973,1,3.61,3.61,5,0
0,5133.9,4973,0,4973,1,3.615,3.615,5,0
0,5120.1,4973,0,4973,1,3.62,3.62,5,0
0,5106.3,4973,0,4973,1,3.625,3.625,5,0
0,5092.5,4973,0,4973,1,3.63,3.63,5,0
0,5078.8,4973,0,4973,1,3.635,3.635,5,0
0,5065,4973,0,4973,1,3.64,3.64,5,0
0,5051.2,4973,0,4973,1,3.645,3.645,5,0
0,5037.5,4974,0,4974,1,3.65,3.65,5,0
0,5023.5,4974,0,4974,1,3.655,3.655,5,0
0,5009.5,4974,0,4974,1,3.66,3.66,5,0
0,4995.6,4974,0,4974,1,3.665,3.665,5,0
0,4981.6,4974,0,4974,1,3.67,3.67,5,0
0,4967.6,4974,0,4974,1,3.675,3.675,5,0
0,4953.7,4974,0,4974,1,3.68,3.68,5,0
0,4939.7,4974,0,4974,1,3.685,3.685,5,0
0,4925.7,4974,0,4974,1,3.69,3.69,5,0
0,4911.8,4974,0,4974,1,3.695,3.695,5,0
0,4897.8,4975,0,4975,1,3.7,3.7,5,0
0,4883.6,4975,0,4975,1,3.705,3.705,5,0
0,4869.5,4975,0,4975,1,3.71,3.71,5,0
0,4855.3,4975,0,4975,1,3.715,3.715,5,0
0,4841.2,4975,0,4975,1,3.72,3.72,5,0
0,4827,4975,0,4975,1,3.725,3.725,5,0
0,4812.9,4975,0,4975,1,3.73,3.73,5,0
0,4798.7,4975,0,4975,1,3.735,3.735,5,0
0,4784.6,4975,0,4975,1,3.74,3.74,5,0
0,4770.4,4975,0,4975,1,3.745,3.745,5,0
0,4756.3,4976,0,4976,1,3.75,3.75,5,0
0,4741.9,4976,0,4976,1,3.755,3.755,5,0
0,4727.6,4976,0,4976,1,3.76,3.76,5,0
0,4713.2,4976,0,4976,1,3.765,3.765,5,0
0,4698.9,4976,0,4976,1,3.77,3.77,5,0
0,4684.5,4976,0,4976,1,3.775,3.775,5,0
0,4670.2,4976,0,4976,1,3.78,3.78,5,0
0,4655.8,4976,0,4976,1,3.785,3.785,5,0
0,4641.5,4976,0,4976,1,3.79,3.79,5,0
0,4627.1,4976,0,4976,1,3.795,3.795,5,0
0,4612.8,4977,0,4977,1,3.8,3.8,5,0
0,4598.3,4977,0,4977,1,3.805,3.805,5,0
0,4583.7,4977,0,4977,1,3.81,3.81,5,0
0,4569.2,4977,0,4977,1,3.815,3.815,5,0
0,4554.7,4977,0,4977,1,3.82,3.82,5,0
0,4540.1,4977,0,4977,1,3.825,3.825,5,0
0,4525.6,4977,0,4977,1,3.83,3.83,5,0
0,4511.1,4977,0,4977,1,3.835,3.835,5,0
0,4496.5,4977,0,4977,1,3.84,3.84,5,0
0,4482,4977,0,4977,1,3.845,3.845,5,0
0,4467.5,4978,0,4978,1,3.85,3.85,5,0
0,4452.7,4978,0,4978,1,3.855,3.855,5,0
0,4438,4978,0,4978,1,3.86,3.86,5,0
0,4423.3,4978,0,4978,1,3.865,3.865,5,0
0,4408.6,4978,0,4978,1,3.87,3.87,5,0
0,4393.8,4978,0,4978,1,3.875,3.875,5,0
0,4379.1,4978,0,4978,1,3.88,3.88,5,0
0,4364.4,4978,0,4978,1,3.885,3.885,5,0
0,4349.6,4978,0,4978,1,3.89,3.89,5,0
0,4334.9,4978,0,4978,1,3.895,3.895,5,0
0,4320.2,4979,0,4979,1,3.9,3.9,5,0
0,4305.3,4979,0,4979,1,3.905,3.905,5,0
0,4290.4,4979,0,4979,1,3.91,3.91,5,0
0,4275.5,4979,0,4979,1,3.915,3.915,5,0
0,4260.5,4979,0,4979,1,3.92,3.92,5,0
0,4245.6,4979,0,4979,1,3.925,3.925,5,0
0,4230.7,4979,0,4979,1,3.93,3.93,5,0
0,4215.8,4979,0,4979,1,3.935,3.935,5,0
0,4200.9,4979,0,4979,1,3.94,3.94,5,0
0,4186,4979,0,4979,1,3.945,3.945,5,0
0,4171.1,4980,0,4980,1,3.95,3.95,5,0
0,4155.9,4980,0,4980,1,3.955,3.955,5,0
0,4140.8,4980,0,4980,1,3.96,3.96,5,0
0,4125.7,4980,0,4980,1,3.965,3.965,5,0
0,4110.6,4980,0,4980,1,3.97,3.97,5,0
0,4095.5,4980,0,4980,1,3.975,3.975,5,0
0,4080.4,4980,0,4980,1,3.98,3.98,5,0
0,4065.3,4980,0,4980,1,3.985,3.985,5,0
0,4050.2,4980,0,4980,1,3.99,3.99,5,0
0,4035.1,4980,0,4980,1,3.995,3.995,5,0
0,4020,4981,0,4981,1,4,4,5,0
0,4004.7,4981,0,4981,1,4.005,4.005,5,0
0,3989.4,4981,0,4981,1,4.01,4.01,5,0
0,3974.1,4981,0,4981,1,4.015,4.015,5,0
0,3958.8,4981,0,4981,1,4.02,4.02,5,0
0,3943.5,4981,0,4981,1,4.025,4.025,5,0
0,3928.2,4981,0,4981,1,4.03,4.03,5,0
0,3912.9,4981,0,4981,1,4.035,4.035,5,0
0,3897.6,4981,0,4981,1,4.04,4.04,5,0
0,3882.3,4981,0,4981,1,4.045,4.045,5,0
0,3867.1,4982,0,4982,1,4.05,4.05,5,0
0,3851.6,4982,0,4982,1,4.055,4.055,5,0
0,3836.1,4982,0,4982,1,4.06,4.06,5,0
0,3820.6,4982,0,4982,1,4.065,4.065,5,0
0,3805.1,4982,0,4982,1,4.07,4.07,5,0
0,3789.6,4982,0,4982,1,4.075,4.075,5,0
0,3774.1,4982,0,4982,1,4.08,4.08,5,0
0,3758.7,4982,0,4982,1,4.085,4.085,5,0
0,3743.2,4982,0,4982,1,4.09,4.09,5,0
0,3727.7,4982,0,4982,1,4.095,4.095,5,0
0,3712.2,4983,0,4983,1,4.1,4.1,5,0
0,3696.5,4983,0,4983,1,4.105,4.105,5,0
0,3680.8,4983,0,4983,1,4.11,4.11,5,0
0,3665.2,4983,0,4983,1,4.115,4.115,5,0
0,3649.5,4983,0,4983,1,4.12,4.12,5,0
0,3633.8,4983,0,4983,1,4.125,4.125,5,0
0,3618.1,4983,0,4983,1,4.13,4.13,5,0
0,3602.5,4983,0,4983,1,4.135,4.135,5,0
0,3586.8,4983,0,4983,1,4.14,4.14,5,0
0,3571.1,4983,0,4983,1,4.145,4.145,5,0
0,3555.5,4984,0,4984,1,4.15,4.15,5,0
0,3539.6,4984,0,4984,1,4.155,4.155,5,0
0,3523.7,4984,0,4984,1,4.16,4.16,5,0
0,3507.9,4984,0,4984,1,4.165,4.165,5,0
0,3492,4984,0,4984,1,4.17,4.17,5,0
0,3476.1,4984,0,4984,1,4.175,4.175,5,0
0,3460.3,4984,0,4984,1,4.18,4.18,5,0
0,3444.4,4984,0,4984,1,4.185,4.185,5,0
0,3428.5,4984,0,4984,1,4.19,4.19,5,0
0,3412.7,4984,0,4984,1,4.195,4.195,5,0
0,3396.8,4985,0,4985,1,4.2,4.2,5,0
0,3380.7,4985,0,4985,1,4.205,4.205,5,0
0,3364.7,4985,0,4985,1,4.21,4.21,5,0
0,3348.6,4985,0,4985,1,4.215,4.215,5,0
0,3332.6,4985,0,4985,1,4.22,4.22,5,0
0,3316.5,4985,0,4985,1,4.225,4.225,5,0
0,3300.5,4985,0,4985,1,4.23,4.23,5,0
0,3284.4,4985,0,4985,1,4.235,4.235,5,0
0,3268.4,4985,0,4985,1,4.24,4.24,5,0
0,3252.3,4985,0,4985,1,4.245,4.245,5,0
0,3236.3,4986,0,4986,1,4.25,4.25,5,0
0,3220,4986,0,4986,1,4.255,4.255,5,0
0,3203.8,4986,0,4986,1,4.26,4.26,5,0
0,3187.5,4986,0,4986,1,4.265,4.265,5,0
0,3171.3,4986,0,4986,1,4.27,4.27,5,0
0,3155,4986,0,4986,1,4.275,4.275,5,0
0,3138.8,4986,0,4986,1,4.28,4.28,5,0
0,3122.5,4986,0,4986,1,4.285,4.285,5,0
0,3106.3,4986,0,4986,1,4.29,4.29,5,0
0,3090,4986,0,4986,1,4.295,4.295,5,0
0,3073.8,4987,0,4987,1,4.3,4.3,5,0
0,3057.4,4987,0,4987,1,4.305,4.305,5,0
0,3040.9,4987,0,4987,1,4.31,4.31,5,0
0,3024.5,4987,0,4987,1,4.315,4.315,5,0
0,3008.1,4987,0,4987,1,4.32,4.32,5,0
0,2991.6,4987,0,4987,1,4.325,4.325,5,0
0,2975.2,4987,0,4987,1,4.33,4.33,5,0
0,2958.8,4987,0,4987,1,4.335,4.335,5,0
0,2942.3,4987,0,4987,1,4.34,4.34,5,0
0,2925.9,4987,0,4987,1,4.345,4.345,5,0
0,2909.5,4988,0,4988,1,4.35,4.35,5,0
0,2892.8,4988,0,4988,1,4.355,4.355,5,0
0,2876.2,4988,0,4988,1,4.36,4.36,5,0
0,2859.6,4988,0,4988,1,4.365,4.365,5,0
0,2843,4988,0,4988,1,4.37,4.37,5,0
0,2826.3,4988,0,4988,1,4.375,4.375,5,0
0,2809.7,4988,0,4988,1,4.38,4.38,5,0
0,2793.1,4988,0,4988,1,4.385,4.385,5,0
0,2776.5,4988,0,4988,1,4.39,4.39,5,0
0,2759.8,4988,0,4988,1,4.395,4.395,5,0
0,2743.2,4989,0,4989,1,4.4,4.4,5,0
0,2726.4,4989,0,4989,1,4.405,4.405,5,0
0,2709.6,4989,0,4989,1,4.41,4.41,5,0
0,2692.8,4989,0,4989,1,4.415,4.415,5,0
0,2675.9,4989,0,4989,1,4.42,4.42,5,0
0,2659.1,4989,0,4989,1,4.425,4.425,5,0
0,2642.3,4989,0,4989,1,4.43,4.43,5,0
0,2625.5,4989,0,4989,1,4.435,4.435,5,0
0,2608.7,4989,0,4989,1,4.44,4.44,5,0
0,2591.9,4989,0,4989,1,4.445,4.445,5,0
0,2575.1,4990,0,4990,1,4.45,4.45,5,0
0,2558,4990,0,4990,1,4.455,4.455,5,0
0,2541,4990,0,4990,1,4.46,4.46,5,0
0,2524,4990,0,4990,1,4.465,4.465,5,0
0,2507,4990,0,4990,1,4.47,4.47,5,0
0,2490,4990,0,4990,1,4.475,4.475,5,0
0,2473,4990,0,4990,1,4.48,4.48,5,0
0,2456,4990,0,4990,1,4.485,4.485,5,0
0,2439,4990,0,4990,1,4.49,4.49,5,0
0,2422,4990,0,4990,1,4.495,4.495,5,0
0,2405,4991,0,4991,1,4.5,4.5,5,0
0,2387.8,4991,0,4991,1,4.505,4.505,5,0
0,2370.6,4991,0,4991,1,4.51,4.51,5,0
0,2353.4,4991,0,4991,1,4.515,4.515,5,0
0,2336.2,4991,0,4991,1,4.52,4.52,5,0
0,2319,4991,0,4991,1,4.525,4.525,5,0
0,2301.8,4991,0,4991,1,4.53,4.53,5,0
0,2284.6,4991,0,4991,1,4.535,4.535,5,0
0,2267.4,4991,0,4991,1,4.54,4.54,5,0
0,2250.2,4991,0,4991,1,4.545,4.545,5,0
0,2233.1,4992,0,4992,1,4.55,4.55,5,0
0,2215.7,4992,0,4992,1,4.555,4.555,5,0
0,2198.3,4992,0,4992,1,4.56,4.56,5,0
0,2180.9,4992,0,4992,1,4.565,4.565,5,0
0,2163.5,4992,0,4992,1,4.57,4.57,5,0
0,2146.1,4992,0,4992,1,4.575,4.575,5,0
0,2128.7,4992,0,4992,1,4.58,4.58,5,0
0,2111.4,4992,0,4992,1,4.585,4.585,5,0
0,2094,4992,0,4992,1,4.59,4.59,5,0
0,2076.6,4992,0,4992,1,4.595,4.595,5,0
0,2059.2,4993,0,4993,1,4.6,4.6,5,0
0,2041.6,4993,0,4993,1,4.605,4.605,5,0
0,2024,4993,0,4993,1,4.61,4.61,5,0
0,2006.5,4993,0,4993,1,4.615,4.615,5,0
0,1988.9,4993,0,4993,1,4.62,4.62,5,0
0,1971.3,4993,0,4993,1,4.625,4.625,5,0
0,1953.7,4993,0,4993,1,4.63,4.63,5,0
0,1936.2,4993,0,4993,1,4.635,4.635,5,0
0,1918.6,4993,0,4993,1,4.64,4.64,5,0
0,1901,4993,0,4993,1,4.645,4.645,5,0
0,1883.4,4994,0,4994,1,4.65,4.65,5,0
0,1865.7,4994,0,4994,1,4.655,4.655,5,0
0,1847.9,4994,0,4994,1,4.66,4.66,5,0
0,1830.2,4994,0,4994,1,4.665,4.665,5,0
0,1812.4,4994,0,4994,1,4.67,4.67,5,0
0,1794.6,4994,0,4994,1,4.675,4.675,5,0
0,1776.9,4994,0,4994,1,4.68,4.68,5,0
0,1759.1,4994,0,4994,1,4.685,4.685,5,0
0,1741.3,4994,0,4994,1,4.69,4.69,5,0
0,1723.6,4994,0,4994,1,4.695,4.695,5,0
0,1705.8,4995,0,4995,1,4.7,4.7,5,0
0,1687.8,4995,0,4995,1,4.705,4.705,5,0
0,1669.9,4995,0,4995,1,4.71,4.71,5,0
0,1651.9,4995,0,4995,1,4.715,4.715,5,0
0,1634,4995,0,4995,1,4.72,4.72,5,0
0,1616,4995,0,4995,1,4.725,4.725,5,0
0,1598.1,4995,0,4995,1,4.73,4.73,5,0
0,1580.1,4995,0,4995,1,4.735,4.735,5,0
0,1562.2,4995,0,4995,1,4.74,4.74,5,0
0,1544.2,4995,0,4995,1,4.745,4.745,5,0
0,1526.2,4996,0,4996,1,4.75,4.75,5,0
0,1508.1,4996,0,4996,1,4.755,4.755,5,0
0,1490,4996,0,4996,1,4.76,4.76,5,0
0,1471.8,4996,0,4996,1,4.765,4.765,5,0
0,1453.7,4996,0,4996,1,4.77,4.77,5,0
0,1435.5,4996,0,4996,1,4.775,4.775,5,0
0,1417.4,4996,0,4996,1,4.78,4.78,5,0
0,1399.2,4996,0,4996,1,4.785,4.785,5,0
0,1381.1,4996,0,4996,1,4.79,4.79,5,0
0,1362.9,4996,0,4996,1,4.795,4.795,5,0
0,1344.8,4997,0,4997,1,4.8,4.8,5,0
0,1326.5,4997,0,4997,1,4.805,4.805,5,0
0,1308.1,4997,0,4997,1,4.81,4.81,5,0
0,1289.8,4997,0,4997,1,4.815,4.815,5,0
0,1271.5,4997,0,4997,1,4.82,4.82,5,0
0,1253.1,4997,0,4997,1,4.825,4.825,5,0
0,1234.8,4997,0,4997,1,4.83,4.83,5,0
0,1216.5,4997,0,4997,1,4.835,4.835,5,0
0,1198.1,4997,0,4997,1,4.84,4.84,5,0
0,1179.8,4997,0,4997,1,4.845,4.845,5,0
0,1161.4,4998,0,4998,1,4.85,4.85,5,0
0,1142.9,4998,0,4998,1,4.855,4.855,5,0
0,1124.4,4998,0,4998,1,4.86,4.86,5,0
0,1105.9,4998,0,4998,1,4.865,4.865,5,0
0,1087.4,4998,0,4998,1,4.87,4.87,5,0
0,1068.8,4998,0,4998,1,4.875,4.875,5,0
0,1050.3,4998,0,4998,1,4.88,4.88,5,0
0,1031.8,4998,0,4998,1,4.885,4.885,5,0
0,1013.3,4998,0,4998,1,4.89,4.89,5,0
0,994.73,4998,0,4998,1,4.895,4.895,5,0
0,976.2,4999,0,4999,1,4.9,4.9,5,0
0,957.48,4999,0,4999,1,4.905,4.905,5,0
0,938.77,4999,0,4999,1,4.91,4.91,5,0
0,920.06,4999,0,4999,1,4.915,4.915,5,0
0,901.34,4999,0,4999,1,4.92,4.92,5,0
0,882.62,4999,0,4999,1,4.925,4.925,5,0
0,863.91,4999,0,4999,1,4.93,4.93,5,0
0,845.19,4999,0,4999,1,4.935,4.935,5,0
0,826.48,4999,0,4999,1,4.94,4.94,5,0
0,807.76,4999,0,4999,1,4.945,4.945,5,0
0,789.05,5000,0,5000,1,4.95,4.95,5,0
0,770.14,5000,0,5000,1,4.955,4.955,5,0
0,751.24,5000,0,5000,1,4.96,4.96,5,0
0,732.33,5000,0,5000,1,4.965,4.965,5,0
0,713.43,5000,0,5000,1,4.97,4.97,5,0
0,694.52,5000,0,5000,1,4.975,4.975,5,0
0,675.62,5000,0,5000,1,4.98,4.98,5,0
0,656.71,5000,0,5000,1,4.985,4.985,5,0
0,637.81,5000,0,5000,1,4.99,4.99,5,0
0,618.91,5000,0,5000,1,4.995,4.995,5,0
0,600,5000,0,5000,1,5,5,5,0
