﻿<?xml version="1.0" encoding="utf-8"?><QTIQuestionBankFolder><_questionReferences /><_treeNodes><item><expanded>False</expanded><displayText /><iconURL /><isChecked>False</isChecked><_id>e0c473e2-bc84-4df7-aa6d-631b884242df</_id><_ancestorId>4691223c-8046-4b2a-ab7d-1c5668ae2d0e</_ancestorId><_parentId>4691223c-8046-4b2a-ab7d-1c5668ae2d0e</_parentId><_sequence>0</_sequence></item></_treeNodes><_questions /><_qbFolderId>e0c473e2-bc84-4df7-aa6d-631b884242df</_qbFolderId><_courseContainerId>8802d09a-5853-4db6-a6a3-97bb3f267f7a</_courseContainerId><_title><![CDATA[CDE Student Course Experience Survey]]></_title><_migratedQuestionsFolder>False</_migratedQuestionsFolder></QTIQuestionBankFolder>