﻿<?xml version="1.0" encoding="utf-8"?><QTIQuestionBankFolder><_questionReferences><item><_question><_questionId>eabb3fd8-98e7-4402-85bd-1fa339231641</_questionId><_type><![CDATA[CLL.S3.Angel.QTI.EssayQuestion]]></_type><_title /><_questionText><![CDATA[&lt;div&gt;Which are the four categories of radioactive waste?&lt;/div&gt;&lt;div&gt;&lt;/div&gt;]]></_questionText><_qtiXml><![CDATA[&lt;assessmentItem identifier=&quot;&quot; title=&quot;&quot;&gt;&lt;responseDeclaration identifier=&quot;RESPONSE&quot; baseType=&quot;identifier&quot; cardinality=&quot;single&quot;&gt;&lt;correctResponse /&gt;&lt;/responseDeclaration&gt;&lt;outcomeDeclaration identifier=&quot;SCORE&quot; baseType=&quot;float&quot; cardinality=&quot;single&quot;&gt;&lt;defaultValue&gt;&lt;value&gt;0&lt;/value&gt;&lt;/defaultValue&gt;&lt;/outcomeDeclaration&gt;&lt;itemBody&gt;&lt;![CDATA[&lt;div&gt;Which are the four categories of radioactive waste?&lt;/div&gt;]]&gt;&lt;extendedTextInteraction responseIdentifier=&quot;RESPONSE&quot; /&gt;&lt;![CDATA[&lt;div&gt;&lt;/div&gt;]]&gt;&lt;/itemBody&gt;&lt;outcomeDeclaration identifier=&quot;GENERAL_FEEDBACK&quot; baseType=&quot;identifier&quot; cardinality=&quot;single&quot; /&gt;&lt;/assessmentItem&gt;]]></_qtiXml><_metadata /><_neverScramble>False</_neverScramble><_imageUrl /><_defaultPointValue>0.0000000000</_defaultPointValue><_previewRendering /><_originalCourseContainerId>b8618af6-3678-48fd-b1c8-3f543cb1b6e2</_originalCourseContainerId><_deleted>False</_deleted><_contentHash /><_sourceHash><![CDATA[GN5lgOw9zXWCv6++Go1O/qX5jqC4qxYNYlEkYdDmRng=]]></_sourceHash><_author><![CDATA[mss32]]></_author><_creationTime>2011-09-26T13:58:39</_creationTime><_lastModifiedBy><![CDATA[mss32]]></_lastModifiedBy><_lastModifiedTime>2015-05-04T15:52:57</_lastModifiedTime><_deliveryCount /><_deliveryCountResetDate /><_customScoring>True</_customScoring><_originalQuestionId /><_parentQuestionId /><_isSurveyQuestion /><_resources /><_pointsPossible /><_angelImportProcessed>False</_angelImportProcessed><_editedFromCourseContainerId /><_isEditRegrade>False</_isEditRegrade><_editedFromQuestionBankFolderId /><_editedFromQuestionSetReferenceId /><_updateAllInstances>False</_updateAllInstances><_poolQuestion /><_questionSettings /><_questionPrompt /></_question><_questionKeywords /><_difficulties /><_qbFolderId>5813df75-a95b-4e5e-b2f5-388831087b87</_qbFolderId><_questionId>eabb3fd8-98e7-4402-85bd-1fa339231641</_questionId><_qbFolderQuestionReferenceId>25388852-ed3c-473c-903d-3513d88cfb66</_qbFolderQuestionReferenceId><_sequence>0</_sequence><_computedDifficuty /><_discrimination /><_useLatestRevision>True</_useLatestRevision><_pointValue>10.0000000000</_pointValue><_fieldId /><_rubricId /><_isDisplayBeforeSubmission>False</_isDisplayBeforeSubmission><_isDisplayScoreAfterSubmission>False</_isDisplayScoreAfterSubmission></item><item><_question><_questionId>50ff5be1-92bb-4d55-a989-79cda8ade2a3</_questionId><_type><![CDATA[CLL.S3.Angel.QTI.EssayQuestion]]></_type><_title /><_questionText><![CDATA[&lt;div&gt;List five (5) methods for separation of isotopes?&lt;/div&gt;&lt;div&gt;&lt;/div&gt;]]></_questionText><_qtiXml><![CDATA[&lt;assessmentItem identifier=&quot;&quot; title=&quot;&quot;&gt;&lt;responseDeclaration identifier=&quot;RESPONSE&quot; baseType=&quot;identifier&quot; cardinality=&quot;single&quot;&gt;&lt;correctResponse /&gt;&lt;/responseDeclaration&gt;&lt;outcomeDeclaration identifier=&quot;SCORE&quot; baseType=&quot;float&quot; cardinality=&quot;single&quot;&gt;&lt;defaultValue&gt;&lt;value&gt;0&lt;/value&gt;&lt;/defaultValue&gt;&lt;/outcomeDeclaration&gt;&lt;itemBody&gt;&lt;![CDATA[&lt;div&gt;List five (5) methods for separation of isotopes?&lt;/div&gt;]]&gt;&lt;extendedTextInteraction responseIdentifier=&quot;RESPONSE&quot; /&gt;&lt;![CDATA[&lt;div&gt;&lt;/div&gt;]]&gt;&lt;/itemBody&gt;&lt;outcomeDeclaration identifier=&quot;GENERAL_FEEDBACK&quot; baseType=&quot;identifier&quot; cardinality=&quot;single&quot; /&gt;&lt;/assessmentItem&gt;]]></_qtiXml><_metadata /><_neverScramble>False</_neverScramble><_imageUrl /><_defaultPointValue>0.0000000000</_defaultPointValue><_previewRendering /><_originalCourseContainerId>b8618af6-3678-48fd-b1c8-3f543cb1b6e2</_originalCourseContainerId><_deleted>False</_deleted><_contentHash /><_sourceHash><![CDATA[z0oWtK588PgKbXZ+Spg7ur++c2Au4E/n0aCSIuQadVs=]]></_sourceHash><_author><![CDATA[mss32]]></_author><_creationTime>2011-09-26T13:59:16</_creationTime><_lastModifiedBy><![CDATA[mss32]]></_lastModifiedBy><_lastModifiedTime>2015-05-04T15:52:57</_lastModifiedTime><_deliveryCount /><_deliveryCountResetDate /><_customScoring>True</_customScoring><_originalQuestionId /><_parentQuestionId /><_isSurveyQuestion /><_resources /><_pointsPossible /><_angelImportProcessed>False</_angelImportProcessed><_editedFromCourseContainerId /><_isEditRegrade>False</_isEditRegrade><_editedFromQuestionBankFolderId /><_editedFromQuestionSetReferenceId /><_updateAllInstances>False</_updateAllInstances><_poolQuestion /><_questionSettings /><_questionPrompt /></_question><_questionKeywords /><_difficulties /><_qbFolderId>5813df75-a95b-4e5e-b2f5-388831087b87</_qbFolderId><_questionId>50ff5be1-92bb-4d55-a989-79cda8ade2a3</_questionId><_qbFolderQuestionReferenceId>8c2057c4-6424-4474-b69c-a7d12877eff4</_qbFolderQuestionReferenceId><_sequence>1</_sequence><_computedDifficuty /><_discrimination /><_useLatestRevision>True</_useLatestRevision><_pointValue>10.0000000000</_pointValue><_fieldId /><_rubricId /><_isDisplayBeforeSubmission>False</_isDisplayBeforeSubmission><_isDisplayScoreAfterSubmission>False</_isDisplayScoreAfterSubmission></item></_questionReferences><_treeNodes><item><expanded>False</expanded><displayText /><iconURL /><isChecked>False</isChecked><_id>5813df75-a95b-4e5e-b2f5-388831087b87</_id><_ancestorId>8802d09a-5853-4db6-a6a3-97bb3f267f7a</_ancestorId><_parentId>aef15a90-89b9-45cb-a007-a6dd4995cb5e</_parentId><_sequence>9</_sequence></item><item><expanded>False</expanded><displayText /><iconURL /><isChecked>False</isChecked><_id>5813df75-a95b-4e5e-b2f5-388831087b87</_id><_ancestorId>aef15a90-89b9-45cb-a007-a6dd4995cb5e</_ancestorId><_parentId>aef15a90-89b9-45cb-a007-a6dd4995cb5e</_parentId><_sequence>9</_sequence></item></_treeNodes><_questions /><_qbFolderId>5813df75-a95b-4e5e-b2f5-388831087b87</_qbFolderId><_courseContainerId>8802d09a-5853-4db6-a6a3-97bb3f267f7a</_courseContainerId><_title><![CDATA[Q10]]></_title><_migratedQuestionsFolder>False</_migratedQuestionsFolder></QTIQuestionBankFolder>