﻿<?xml version="1.0" encoding="utf-8"?><QTIQuestionBankFolder><_questionReferences /><_treeNodes><item><expanded>False</expanded><displayText /><iconURL /><isChecked>False</isChecked><_id>1a68316a-a8de-472d-a13d-846c12ee87b8</_id><_ancestorId>4691223c-8046-4b2a-ab7d-1c5668ae2d0e</_ancestorId><_parentId>4691223c-8046-4b2a-ab7d-1c5668ae2d0e</_parentId><_sequence>4</_sequence></item></_treeNodes><_questions /><_qbFolderId>1a68316a-a8de-472d-a13d-846c12ee87b8</_qbFolderId><_courseContainerId>8802d09a-5853-4db6-a6a3-97bb3f267f7a</_courseContainerId><_title><![CDATA[Semester's End: Engineering Feedback on Student Ex]]></_title><_migratedQuestionsFolder>False</_migratedQuestionsFolder></QTIQuestionBankFolder>