﻿<?xml version="1.0" encoding="utf-8"?><PermalinkCollection><item><_permalinkId>bda8e31b-4b65-44ce-a455-05c4427685ed</_permalinkId><_permalinkType>0</_permalinkType><_resourceSource><![CDATA[MRG-141218-143311-MSS32]]></_resourceSource><_resourceId><![CDATA[A8332E758C484632BBA1E8BDA7272E25]]></_resourceId></item><item><_permalinkId>22da06a9-0211-4e41-be41-0ff7decd97e1</_permalinkId><_permalinkType>0</_permalinkType><_resourceSource><![CDATA[MRG-141218-143311-MSS32]]></_resourceSource><_resourceId><![CDATA[7E02A85D598D4258AC5A8DB97126A3FB]]></_resourceId></item><item><_permalinkId>a3d96428-bbb9-4be1-a6d7-103932392c33</_permalinkId><_permalinkType>0</_permalinkType><_resourceSource><![CDATA[MRG-141218-143311-MSS32]]></_resourceSource><_resourceId><![CDATA[B309F42149DB4930AAEC2F4BE7369DC5]]></_resourceId></item><item><_permalinkId>0d91589f-11de-4358-b0e3-145729bee58b</_permalinkId><_permalinkType>0</_permalinkType><_resourceSource><![CDATA[MRG-141218-143311-MSS32]]></_resourceSource><_resourceId><![CDATA[17B4A87E473844BD80709E7CA232610E]]></_resourceId></item><item><_permalinkId>dac5053f-5e4b-4071-8bbf-240d8368e736</_permalinkId><_permalinkType>0</_permalinkType><_resourceSource><![CDATA[MRG-141218-143311-MSS32]]></_resourceSource><_resourceId><![CDATA[0527F85B060F4742B0A710F2359A592B]]></_resourceId></item><item><_permalinkId>6b8016f2-f406-45b1-bc14-26929e9c4e56</_permalinkId><_permalinkType>0</_permalinkType><_resourceSource><![CDATA[MRG-141218-143311-MSS32]]></_resourceSource><_resourceId><![CDATA[AF42B369A8A844BE86E2C2DAAE06D47D]]></_resourceId></item><item><_permalinkId>d7ff0b62-530a-4d49-b916-2cbd595a7082</_permalinkId><_permalinkType>0</_permalinkType><_resourceSource><![CDATA[MRG-141218-143311-MSS32]]></_resourceSource><_resourceId><![CDATA[8DC85A47E468498A83995C02AE0A6448]]></_resourceId></item><item><_permalinkId>f1c334d4-7b09-49fe-a026-3f5483b7ef03</_permalinkId><_permalinkType>0</_permalinkType><_resourceSource><![CDATA[MRG-141218-143311-MSS32]]></_resourceSource><_resourceId><![CDATA[D623AD33EDB14DA9995367095A1CDB83]]></_resourceId></item><item><_permalinkId>9d36185e-30dc-40a5-9141-47a4d1d1f6b3</_permalinkId><_permalinkType>0</_permalinkType><_resourceSource><![CDATA[MRG-141218-143311-MSS32]]></_resourceSource><_resourceId><![CDATA[E3A5E54B6F414B6E83924C4A92A8CEEF]]></_resourceId></item><item><_permalinkId>40b164a4-b2ca-4987-8b69-5b8df75e857c</_permalinkId><_permalinkType>0</_permalinkType><_resourceSource><![CDATA[MRG-141218-143311-MSS32]]></_resourceSource><_resourceId><![CDATA[40B067A31839443489BC892D26AAD628]]></_resourceId></item><item><_permalinkId>ad85c200-e4a4-42a4-b965-5e2df85da022</_permalinkId><_permalinkType>0</_permalinkType><_resourceSource><![CDATA[MRG-141218-143311-MSS32]]></_resourceSource><_resourceId><![CDATA[4B04FE67DE1847388F8E5079274F52BA]]></_resourceId></item><item><_permalinkId>0e4aa17c-1307-4063-b04d-667e3a13e5d2</_permalinkId><_permalinkType>0</_permalinkType><_resourceSource><![CDATA[MRG-141218-143311-MSS32]]></_resourceSource><_resourceId><![CDATA[449E0834EE9D41A49668B84063549DB6]]></_resourceId></item><item><_permalinkId>f059b63a-79fb-4df0-84ea-7268e817f014</_permalinkId><_permalinkType>0</_permalinkType><_resourceSource><![CDATA[MRG-141218-143311-MSS32]]></_resourceSource><_resourceId><![CDATA[565557265A6C4688A789C2B8A2A03590]]></_resourceId></item><item><_permalinkId>34b1a4cb-abaf-4fd7-9457-8097cb37abfc</_permalinkId><_permalinkType>0</_permalinkType><_resourceSource><![CDATA[MRG-141218-143311-MSS32]]></_resourceSource><_resourceId><![CDATA[443AC37594B443DA873857D89DC9349F]]></_resourceId></item><item><_permalinkId>59eee07c-e901-4a9f-86fe-80d09f793d47</_permalinkId><_permalinkType>0</_permalinkType><_resourceSource><![CDATA[MRG-141218-143311-MSS32]]></_resourceSource><_resourceId><![CDATA[D7C3D19E86DD4573A6B1B8A3A6B7129D]]></_resourceId></item><item><_permalinkId>44a6ff95-eb36-42cc-beca-92186ec8a66c</_permalinkId><_permalinkType>0</_permalinkType><_resourceSource><![CDATA[MRG-141218-143311-MSS32]]></_resourceSource><_resourceId><![CDATA[110FABAE6107443785AB651BFBEC61CE]]></_resourceId></item><item><_permalinkId>617a3840-5ee0-4e77-8440-97c1b6866fd4</_permalinkId><_permalinkType>0</_permalinkType><_resourceSource><![CDATA[MRG-141218-143311-MSS32]]></_resourceSource><_resourceId><![CDATA[0A878CD39A174261BC2C9EEB962604C5]]></_resourceId></item><item><_permalinkId>49aa6f43-7505-4a7e-89b9-9a8863e162e5</_permalinkId><_permalinkType>0</_permalinkType><_resourceSource><![CDATA[MRG-141218-143311-MSS32]]></_resourceSource><_resourceId><![CDATA[4AD9091BE45342C9A6DB4383EB432406]]></_resourceId></item><item><_permalinkId>e153daad-fd93-4f69-a498-9d91dc2d562d</_permalinkId><_permalinkType>0</_permalinkType><_resourceSource><![CDATA[MRG-141218-143311-MSS32]]></_resourceSource><_resourceId><![CDATA[C23382D34EBE466F93E505560C666C8A]]></_resourceId></item><item><_permalinkId>041c2e07-ecaf-45c1-aa00-a0f065378b9c</_permalinkId><_permalinkType>0</_permalinkType><_resourceSource><![CDATA[MRG-141218-143311-MSS32]]></_resourceSource><_resourceId><![CDATA[DFD88FBFCC7645C5B1D59BC8AF15861C]]></_resourceId></item><item><_permalinkId>57d38a06-3f69-4f53-9855-bff2265ea8a3</_permalinkId><_permalinkType>0</_permalinkType><_resourceSource><![CDATA[MRG-141218-143311-MSS32]]></_resourceSource><_resourceId><![CDATA[0FE59FDF748D455DBAF75C7E529E6C3B]]></_resourceId></item><item><_permalinkId>97046c36-ce06-4554-bcec-cbd32db32ce9</_permalinkId><_permalinkType>0</_permalinkType><_resourceSource><![CDATA[MRG-141218-143311-MSS32]]></_resourceSource><_resourceId><![CDATA[BA971D2FB93B4763942D7997E9954B94]]></_resourceId></item><item><_permalinkId>67e3e687-0256-455d-b2ff-d2da3ce0f57c</_permalinkId><_permalinkType>0</_permalinkType><_resourceSource><![CDATA[MRG-141218-143311-MSS32]]></_resourceSource><_resourceId><![CDATA[8B7E822B082E45AEA7EC477849D651C4]]></_resourceId></item><item><_permalinkId>49a1d6e6-4ad2-49f3-b7a4-d73aaf6ab415</_permalinkId><_permalinkType>0</_permalinkType><_resourceSource><![CDATA[MRG-141218-143311-MSS32]]></_resourceSource><_resourceId><![CDATA[2A539188F52942EA87CFCCC984A14763]]></_resourceId></item><item><_permalinkId>7545121e-c2ca-4a9e-b595-d90153b1ee97</_permalinkId><_permalinkType>0</_permalinkType><_resourceSource><![CDATA[MRG-141218-143311-MSS32]]></_resourceSource><_resourceId><![CDATA[42EA33C24BCC44B3BB89FC4BAC26CF1D]]></_resourceId></item><item><_permalinkId>72ef5eee-6844-45db-877b-e7bcdaf9ae13</_permalinkId><_permalinkType>0</_permalinkType><_resourceSource><![CDATA[MRG-141218-143311-MSS32]]></_resourceSource><_resourceId><![CDATA[AE52FC676388435F81233365A0537A54]]></_resourceId></item><item><_permalinkId>064adf0f-f32c-4eb5-be4d-eb1617551a78</_permalinkId><_permalinkType>0</_permalinkType><_resourceSource><![CDATA[MRG-141218-143311-MSS32]]></_resourceSource><_resourceId><![CDATA[FB373C41F111404C819F82C88CD6E8C4]]></_resourceId></item><item><_permalinkId>b41c4c74-3c3a-4a5b-b4fa-f07a587588d8</_permalinkId><_permalinkType>0</_permalinkType><_resourceSource><![CDATA[MRG-141218-143311-MSS32]]></_resourceSource><_resourceId><![CDATA[04A7810E7E134AFC94AA5EFC90C5ED17]]></_resourceId></item><item><_permalinkId>79450ed2-90d4-4623-8a8f-f4a2ce74fa1b</_permalinkId><_permalinkType>0</_permalinkType><_resourceSource><![CDATA[MRG-141218-143311-MSS32]]></_resourceSource><_resourceId><![CDATA[869CFBD011184343A91E60841FF1DAFE]]></_resourceId></item><item><_permalinkId>8a1a4e6c-e0bd-4dca-8324-feea8e3bc738</_permalinkId><_permalinkType>0</_permalinkType><_resourceSource><![CDATA[MRG-141218-143311-MSS32]]></_resourceSource><_resourceId><![CDATA[1439202B17ED4E4EAC34BCE778E84108]]></_resourceId></item></PermalinkCollection>