﻿<?xml version="1.0" encoding="utf-8"?><QTIQuestionBankFolder><_questionReferences><item><_question><_questionId>82039774-e041-4890-8911-84b7d9e908e7</_questionId><_type><![CDATA[CLL.S3.Angel.QTI.EssayQuestion]]></_type><_title /><_questionText><![CDATA[&lt;div&gt;Describe the main purpose of the pressurizer in PWRs.&lt;/div&gt;&lt;div&gt;&lt;/div&gt;]]></_questionText><_qtiXml><![CDATA[&lt;assessmentItem identifier=&quot;&quot; title=&quot;&quot;&gt;&lt;responseDeclaration identifier=&quot;RESPONSE&quot; baseType=&quot;identifier&quot; cardinality=&quot;single&quot;&gt;&lt;correctResponse /&gt;&lt;/responseDeclaration&gt;&lt;outcomeDeclaration identifier=&quot;SCORE&quot; baseType=&quot;float&quot; cardinality=&quot;single&quot;&gt;&lt;defaultValue&gt;&lt;value&gt;0&lt;/value&gt;&lt;/defaultValue&gt;&lt;/outcomeDeclaration&gt;&lt;itemBody&gt;&lt;![CDATA[&lt;div&gt;Describe the main purpose of the pressurizer in PWRs.&lt;/div&gt;]]&gt;&lt;extendedTextInteraction responseIdentifier=&quot;RESPONSE&quot; /&gt;&lt;![CDATA[&lt;div&gt;&lt;/div&gt;]]&gt;&lt;/itemBody&gt;&lt;outcomeDeclaration identifier=&quot;GENERAL_FEEDBACK&quot; baseType=&quot;identifier&quot; cardinality=&quot;single&quot; /&gt;&lt;/assessmentItem&gt;]]></_qtiXml><_metadata /><_neverScramble>False</_neverScramble><_imageUrl /><_defaultPointValue>0.0000000000</_defaultPointValue><_previewRendering /><_originalCourseContainerId>b8618af6-3678-48fd-b1c8-3f543cb1b6e2</_originalCourseContainerId><_deleted>False</_deleted><_contentHash /><_sourceHash><![CDATA[/A0dAGr9t5C6ZhOI+LOXMt1SaoUrIv8pMpMOGt+YXC8=]]></_sourceHash><_author><![CDATA[mss32]]></_author><_creationTime>2011-09-26T13:51:53</_creationTime><_lastModifiedBy><![CDATA[mss32]]></_lastModifiedBy><_lastModifiedTime>2015-05-04T15:52:57</_lastModifiedTime><_deliveryCount /><_deliveryCountResetDate /><_customScoring>True</_customScoring><_originalQuestionId /><_parentQuestionId /><_isSurveyQuestion /><_resources /><_pointsPossible /><_angelImportProcessed>False</_angelImportProcessed><_editedFromCourseContainerId /><_isEditRegrade>False</_isEditRegrade><_editedFromQuestionBankFolderId /><_editedFromQuestionSetReferenceId /><_updateAllInstances>False</_updateAllInstances><_poolQuestion /><_questionSettings /><_questionPrompt /></_question><_questionKeywords /><_difficulties /><_qbFolderId>d440475b-8420-42e6-a5ef-74699763d285</_qbFolderId><_questionId>82039774-e041-4890-8911-84b7d9e908e7</_questionId><_qbFolderQuestionReferenceId>fbc3acdf-8cb9-49d3-8c14-f4e9ecf4f676</_qbFolderQuestionReferenceId><_sequence>0</_sequence><_computedDifficuty /><_discrimination /><_useLatestRevision>True</_useLatestRevision><_pointValue>10.0000000000</_pointValue><_fieldId /><_rubricId /><_isDisplayBeforeSubmission>False</_isDisplayBeforeSubmission><_isDisplayScoreAfterSubmission>False</_isDisplayScoreAfterSubmission></item><item><_question><_questionId>9f480f7f-9ba3-4f49-98df-a73ddb53cba7</_questionId><_type><![CDATA[CLL.S3.Angel.QTI.EssayQuestion]]></_type><_title /><_questionText><![CDATA[&lt;div&gt;BWRs are said to operate in a direct cycle. Why?&lt;/div&gt;&lt;div&gt;&lt;/div&gt;]]></_questionText><_qtiXml><![CDATA[&lt;assessmentItem identifier=&quot;&quot; title=&quot;&quot;&gt;&lt;responseDeclaration identifier=&quot;RESPONSE&quot; baseType=&quot;identifier&quot; cardinality=&quot;single&quot;&gt;&lt;correctResponse /&gt;&lt;/responseDeclaration&gt;&lt;outcomeDeclaration identifier=&quot;SCORE&quot; baseType=&quot;float&quot; cardinality=&quot;single&quot;&gt;&lt;defaultValue&gt;&lt;value&gt;0&lt;/value&gt;&lt;/defaultValue&gt;&lt;/outcomeDeclaration&gt;&lt;itemBody&gt;&lt;![CDATA[&lt;div&gt;BWRs are said to operate in a direct cycle. Why?&lt;/div&gt;]]&gt;&lt;extendedTextInteraction responseIdentifier=&quot;RESPONSE&quot; /&gt;&lt;![CDATA[&lt;div&gt;&lt;/div&gt;]]&gt;&lt;/itemBody&gt;&lt;outcomeDeclaration identifier=&quot;GENERAL_FEEDBACK&quot; baseType=&quot;identifier&quot; cardinality=&quot;single&quot; /&gt;&lt;/assessmentItem&gt;]]></_qtiXml><_metadata /><_neverScramble>False</_neverScramble><_imageUrl /><_defaultPointValue>0.0000000000</_defaultPointValue><_previewRendering /><_originalCourseContainerId>b8618af6-3678-48fd-b1c8-3f543cb1b6e2</_originalCourseContainerId><_deleted>False</_deleted><_contentHash /><_sourceHash><![CDATA[et+NJj0vKGcSfpkw+kB71K38Y/c4qembhid4h1XrieQ=]]></_sourceHash><_author><![CDATA[mss32]]></_author><_creationTime>2011-09-26T13:52:08</_creationTime><_lastModifiedBy><![CDATA[mss32]]></_lastModifiedBy><_lastModifiedTime>2015-05-04T15:52:57</_lastModifiedTime><_deliveryCount /><_deliveryCountResetDate /><_customScoring>True</_customScoring><_originalQuestionId /><_parentQuestionId /><_isSurveyQuestion /><_resources /><_pointsPossible /><_angelImportProcessed>False</_angelImportProcessed><_editedFromCourseContainerId /><_isEditRegrade>False</_isEditRegrade><_editedFromQuestionBankFolderId /><_editedFromQuestionSetReferenceId /><_updateAllInstances>False</_updateAllInstances><_poolQuestion /><_questionSettings /><_questionPrompt /></_question><_questionKeywords /><_difficulties /><_qbFolderId>d440475b-8420-42e6-a5ef-74699763d285</_qbFolderId><_questionId>9f480f7f-9ba3-4f49-98df-a73ddb53cba7</_questionId><_qbFolderQuestionReferenceId>a9457197-4534-42f0-a653-6f29e78f29bc</_qbFolderQuestionReferenceId><_sequence>1</_sequence><_computedDifficuty /><_discrimination /><_useLatestRevision>True</_useLatestRevision><_pointValue>10.0000000000</_pointValue><_fieldId /><_rubricId /><_isDisplayBeforeSubmission>False</_isDisplayBeforeSubmission><_isDisplayScoreAfterSubmission>False</_isDisplayScoreAfterSubmission></item></_questionReferences><_treeNodes><item><expanded>False</expanded><displayText /><iconURL /><isChecked>False</isChecked><_id>d440475b-8420-42e6-a5ef-74699763d285</_id><_ancestorId>8802d09a-5853-4db6-a6a3-97bb3f267f7a</_ancestorId><_parentId>aef15a90-89b9-45cb-a007-a6dd4995cb5e</_parentId><_sequence>6</_sequence></item><item><expanded>False</expanded><displayText /><iconURL /><isChecked>False</isChecked><_id>d440475b-8420-42e6-a5ef-74699763d285</_id><_ancestorId>aef15a90-89b9-45cb-a007-a6dd4995cb5e</_ancestorId><_parentId>aef15a90-89b9-45cb-a007-a6dd4995cb5e</_parentId><_sequence>6</_sequence></item></_treeNodes><_questions /><_qbFolderId>d440475b-8420-42e6-a5ef-74699763d285</_qbFolderId><_courseContainerId>8802d09a-5853-4db6-a6a3-97bb3f267f7a</_courseContainerId><_title><![CDATA[Q7]]></_title><_migratedQuestionsFolder>False</_migratedQuestionsFolder></QTIQuestionBankFolder>