﻿<?xml version="1.0" encoding="utf-8"?><TeamCollection><item><_courseId><![CDATA[MRG-141218-143311-MSS32]]></_courseId><_teamId><![CDATA[G Grove]]></_teamId><_homepageUrl><![CDATA[]]></_homepageUrl><_projectUrl><![CDATA[]]></_projectUrl><_leaderId><![CDATA[]]></_leaderId><_chat>0</_chat><_chatLogging>0</_chatLogging><_calendar>0</_calendar><_teamMail>0</_teamMail><_internetMail>0</_internetMail><_whiteboard>0</_whiteboard><_fileShareDir><![CDATA[]]></_fileShareDir><_fileShareQuota>10</_fileShareQuota><_fileDist>0</_fileDist><_fileDistDir><![CDATA[]]></_fileDistDir><_workspace>0</_workspace><_workspaceId><![CDATA[]]></_workspaceId><_sequence>0</_sequence><_autoEnroll>0</_autoEnroll><_teamDescription><![CDATA[]]></_teamDescription><_teamData><![CDATA[]]></_teamData><_sourceId><![CDATA[]]></_sourceId><_teamMembers /><_parentCourse /><_hidden>False</_hidden><_disabled>False</_disabled><_fileShare>False</_fileShare></item><item><_courseId><![CDATA[MRG-141218-143311-MSS32]]></_courseId><_teamId><![CDATA[201415SPUP___RNUC_E497I001]]></_teamId><_homepageUrl><![CDATA[]]></_homepageUrl><_projectUrl><![CDATA[]]></_projectUrl><_leaderId><![CDATA[]]></_leaderId><_chat>0</_chat><_chatLogging>0</_chatLogging><_calendar>0</_calendar><_teamMail>0</_teamMail><_internetMail>0</_internetMail><_whiteboard>0</_whiteboard><_fileShareDir><![CDATA[]]></_fileShareDir><_fileShareQuota>0</_fileShareQuota><_fileDist>0</_fileDist><_fileDistDir><![CDATA[]]></_fileDistDir><_workspace>0</_workspace><_workspaceId><![CDATA[]]></_workspaceId><_sequence>1000</_sequence><_autoEnroll>0</_autoEnroll><_teamDescription><![CDATA[]]></_teamDescription><_teamData><![CDATA[]]></_teamData><_sourceId><![CDATA[201415SPUP___RNUC_E497I001]]></_sourceId><_teamMembers /><_parentCourse /><_hidden>False</_hidden><_disabled>False</_disabled><_fileShare>False</_fileShare></item><item><_courseId><![CDATA[MRG-141218-143311-MSS32]]></_courseId><_teamId><![CDATA[201415SPUP___RNUC_E497I002]]></_teamId><_homepageUrl><![CDATA[]]></_homepageUrl><_projectUrl><![CDATA[]]></_projectUrl><_leaderId><![CDATA[]]></_leaderId><_chat>0</_chat><_chatLogging>0</_chatLogging><_calendar>0</_calendar><_teamMail>0</_teamMail><_internetMail>0</_internetMail><_whiteboard>0</_whiteboard><_fileShareDir><![CDATA[]]></_fileShareDir><_fileShareQuota>0</_fileShareQuota><_fileDist>0</_fileDist><_fileDistDir><![CDATA[]]></_fileDistDir><_workspace>0</_workspace><_workspaceId><![CDATA[]]></_workspaceId><_sequence>1000</_sequence><_autoEnroll>0</_autoEnroll><_teamDescription><![CDATA[]]></_teamDescription><_teamData><![CDATA[]]></_teamData><_sourceId><![CDATA[201415SPUP___RNUC_E497I002]]></_sourceId><_teamMembers /><_parentCourse /><_hidden>False</_hidden><_disabled>False</_disabled><_fileShare>False</_fileShare></item><item><_courseId><![CDATA[MRG-141218-143311-MSS32]]></_courseId><_teamId><![CDATA[201415SPWD___INUC_E497I001]]></_teamId><_homepageUrl><![CDATA[]]></_homepageUrl><_projectUrl><![CDATA[]]></_projectUrl><_leaderId><![CDATA[]]></_leaderId><_chat>0</_chat><_chatLogging>0</_chatLogging><_calendar>0</_calendar><_teamMail>0</_teamMail><_internetMail>0</_internetMail><_whiteboard>0</_whiteboard><_fileShareDir><![CDATA[]]></_fileShareDir><_fileShareQuota>0</_fileShareQuota><_fileDist>0</_fileDist><_fileDistDir><![CDATA[]]></_fileDistDir><_workspace>0</_workspace><_workspaceId><![CDATA[]]></_workspaceId><_sequence>1000</_sequence><_autoEnroll>0</_autoEnroll><_teamDescription><![CDATA[]]></_teamDescription><_teamData><![CDATA[]]></_teamData><_sourceId><![CDATA[201415SPWD___INUC_E497I001]]></_sourceId><_teamMembers /><_parentCourse /><_hidden>False</_hidden><_disabled>False</_disabled><_fileShare>False</_fileShare></item><item><_courseId><![CDATA[MRG-141218-143311-MSS32]]></_courseId><_teamId><![CDATA[Faculty]]></_teamId><_homepageUrl><![CDATA[]]></_homepageUrl><_projectUrl><![CDATA[]]></_projectUrl><_leaderId><![CDATA[]]></_leaderId><_chat>0</_chat><_chatLogging>0</_chatLogging><_calendar>0</_calendar><_teamMail>0</_teamMail><_internetMail>0</_internetMail><_whiteboard>0</_whiteboard><_fileShareDir><![CDATA[]]></_fileShareDir><_fileShareQuota>0</_fileShareQuota><_fileDist>0</_fileDist><_fileDistDir><![CDATA[]]></_fileDistDir><_workspace>0</_workspace><_workspaceId><![CDATA[]]></_workspaceId><_sequence>1000</_sequence><_autoEnroll>0</_autoEnroll><_teamDescription><![CDATA[]]></_teamDescription><_teamData><![CDATA[]]></_teamData><_sourceId><![CDATA[]]></_sourceId><_teamMembers /><_parentCourse /><_hidden>False</_hidden><_disabled>False</_disabled><_fileShare>False</_fileShare></item></TeamCollection>