﻿<?xml version="1.0" encoding="utf-8"?><QTIQuestionBankFolder><_questionReferences /><_treeNodes><item><expanded>False</expanded><displayText /><iconURL /><isChecked>False</isChecked><_id>aef15a90-89b9-45cb-a007-a6dd4995cb5e</_id><_ancestorId>8802d09a-5853-4db6-a6a3-97bb3f267f7a</_ancestorId><_parentId>8802d09a-5853-4db6-a6a3-97bb3f267f7a</_parentId><_sequence>0</_sequence></item></_treeNodes><_questions /><_qbFolderId>aef15a90-89b9-45cb-a007-a6dd4995cb5e</_qbFolderId><_courseContainerId>8802d09a-5853-4db6-a6a3-97bb3f267f7a</_courseContainerId><_title><![CDATA[NucE 497a - Quiz #1]]></_title><_migratedQuestionsFolder>False</_migratedQuestionsFolder></QTIQuestionBankFolder>