﻿<?xml version="1.0" encoding="utf-8"?><QTIQuestionBankFolder><_questionReferences><item><_question><_questionId>8f68ede8-ba56-4132-9100-33b453c0aba4</_questionId><_type><![CDATA[CLL.S3.Angel.QTI.MultipleChoiceQuestion]]></_type><_title /><_questionText><![CDATA[&lt;div&gt;Do you know who to contact if you have a technical issue with this course.&lt;/div&gt;&lt;div&gt;&lt;/div&gt;]]></_questionText><_qtiXml><![CDATA[&lt;assessmentItem identifier=&quot;&quot; title=&quot;&quot;&gt;&lt;responseDeclaration identifier=&quot;RESPONSE&quot; baseType=&quot;identifier&quot; cardinality=&quot;single&quot;&gt;&lt;correctResponse&gt;&lt;value&gt;answerChoice3&lt;/value&gt;&lt;/correctResponse&gt;&lt;mapping&gt;&lt;mapEntry mapKey=&quot;answerChoice1&quot; mappedValue=&quot;0&quot; /&gt;&lt;mapEntry mapKey=&quot;answerChoice2&quot; mappedValue=&quot;0&quot; /&gt;&lt;mapEntry mapKey=&quot;answerChoice3&quot; mappedValue=&quot;1&quot; /&gt;&lt;mapEntry mapKey=&quot;answerChoice4&quot; mappedValue=&quot;0&quot; /&gt;&lt;mapEntry mapKey=&quot;answerChoice5&quot; mappedValue=&quot;0&quot; /&gt;&lt;/mapping&gt;&lt;/responseDeclaration&gt;&lt;outcomeDeclaration identifier=&quot;SCORE&quot; baseType=&quot;float&quot; cardinality=&quot;single&quot;&gt;&lt;defaultValue&gt;&lt;value&gt;0&lt;/value&gt;&lt;/defaultValue&gt;&lt;/outcomeDeclaration&gt;&lt;itemBody&gt;&lt;![CDATA[&lt;div&gt;Do you know who to contact if you have a technical issue with this course.&lt;/div&gt;]]&gt;&lt;choiceInteraction responseIdentifier=&quot;RESPONSE&quot; maxChoices=&quot;1&quot; shuffle=&quot;False&quot;&gt;&lt;simpleChoice identifier=&quot;answerChoice1&quot;&gt;Yes - The TA&lt;/simpleChoice&gt;&lt;simpleChoice identifier=&quot;answerChoice2&quot;&gt;Yes - The Professor&lt;/simpleChoice&gt;&lt;simpleChoice identifier=&quot;answerChoice3&quot;&gt;Yes - Michael Sechrist&lt;/simpleChoice&gt;&lt;simpleChoice identifier=&quot;answerChoice4&quot;&gt;Yes - World Campus&lt;/simpleChoice&gt;&lt;simpleChoice identifier=&quot;answerChoice5&quot;&gt;No&lt;/simpleChoice&gt;&lt;/choiceInteraction&gt;&lt;![CDATA[&lt;div&gt;&lt;/div&gt;]]&gt;&lt;/itemBody&gt;&lt;modalFeedback outcomeIdentifier=&quot;GENERAL_FEEDBACK&quot; identifier=&quot;INCORRECT_FEEDBACK&quot; showHide=&quot;show&quot;&gt;&lt;![CDATA[Please review the &quot;TA and Tech Help Information&quot; page on Angel to familiarize yourself.]]&gt;&lt;/modalFeedback&gt;&lt;outcomeDeclaration identifier=&quot;FEEDBACK&quot; baseType=&quot;identifier&quot; cardinality=&quot;single&quot; /&gt;&lt;outcomeDeclaration identifier=&quot;GENERAL_FEEDBACK&quot; baseType=&quot;identifier&quot; cardinality=&quot;single&quot; /&gt;&lt;responseProcessing&gt;&lt;setOutcomeValue identifier=&quot;FEEDBACK&quot;&gt;&lt;variable identifier=&quot;RESPONSE&quot; /&gt;&lt;/setOutcomeValue&gt;&lt;responseCondition&gt;&lt;responseIf&gt;&lt;isNull&gt;&lt;variable identifier=&quot;RESPONSE&quot; /&gt;&lt;/isNull&gt;&lt;setOutcomeValue identifier=&quot;SCORE&quot;&gt;&lt;baseValue baseType=&quot;integer&quot;&gt;0&lt;/baseValue&gt;&lt;/setOutcomeValue&gt;&lt;/responseIf&gt;&lt;responseElse&gt;&lt;setOutcomeValue identifier=&quot;SCORE&quot;&gt;&lt;mapResponse identifier=&quot;RESPONSE&quot; /&gt;&lt;/setOutcomeValue&gt;&lt;responseCondition&gt;&lt;responseIf&gt;&lt;match&gt;&lt;correct identifier=&quot;RESPONSE&quot; /&gt;&lt;variable identifier=&quot;RESPONSE&quot; /&gt;&lt;/match&gt;&lt;setOutcomeValue identifier=&quot;GENERAL_FEEDBACK&quot;&gt;&lt;baseValue baseType=&quot;identifier&quot;&gt;CORRECT_FEEDBACK&lt;/baseValue&gt;&lt;/setOutcomeValue&gt;&lt;/responseIf&gt;&lt;responseElse&gt;&lt;setOutcomeValue identifier=&quot;GENERAL_FEEDBACK&quot;&gt;&lt;baseValue baseType=&quot;identifier&quot;&gt;INCORRECT_FEEDBACK&lt;/baseValue&gt;&lt;/setOutcomeValue&gt;&lt;/responseElse&gt;&lt;/responseCondition&gt;&lt;/responseElse&gt;&lt;/responseCondition&gt;&lt;/responseProcessing&gt;&lt;/assessmentItem&gt;]]></_qtiXml><_metadata /><_neverScramble>False</_neverScramble><_imageUrl /><_defaultPointValue>0.0000000000</_defaultPointValue><_previewRendering /><_originalCourseContainerId>d9713af9-a73f-44a4-9cec-6161622e0db6</_originalCourseContainerId><_deleted>False</_deleted><_contentHash /><_sourceHash><![CDATA[7dNcS0J5w0ypTI4S6udvk99P5r2gnxFkA8Z4NmgRlKI=]]></_sourceHash><_author><![CDATA[mss32]]></_author><_creationTime>2012-08-07T10:52:54</_creationTime><_lastModifiedBy><![CDATA[mss32]]></_lastModifiedBy><_lastModifiedTime>2015-05-12T14:37:38</_lastModifiedTime><_deliveryCount /><_deliveryCountResetDate /><_customScoring>True</_customScoring><_originalQuestionId /><_parentQuestionId /><_isSurveyQuestion /><_resources /><_pointsPossible /><_angelImportProcessed>False</_angelImportProcessed><_editedFromCourseContainerId /><_isEditRegrade>False</_isEditRegrade><_editedFromQuestionBankFolderId /><_editedFromQuestionSetReferenceId /><_updateAllInstances>False</_updateAllInstances><_poolQuestion /><_questionSettings /><_questionPrompt /></_question><_questionKeywords /><_difficulties /><_qbFolderId>f8b9fe27-5dd0-4273-a5c5-c1229c278c4b</_qbFolderId><_questionId>8f68ede8-ba56-4132-9100-33b453c0aba4</_questionId><_qbFolderQuestionReferenceId>ae78122e-e14d-48fa-9fd0-2aa7f94f105b</_qbFolderQuestionReferenceId><_sequence>0</_sequence><_computedDifficuty /><_discrimination /><_useLatestRevision>True</_useLatestRevision><_pointValue>1.0000000000</_pointValue><_fieldId /><_rubricId /><_isDisplayBeforeSubmission>False</_isDisplayBeforeSubmission><_isDisplayScoreAfterSubmission>False</_isDisplayScoreAfterSubmission></item></_questionReferences><_treeNodes><item><expanded>False</expanded><displayText /><iconURL /><isChecked>False</isChecked><_id>f8b9fe27-5dd0-4273-a5c5-c1229c278c4b</_id><_ancestorId>8802d09a-5853-4db6-a6a3-97bb3f267f7a</_ancestorId><_parentId>3ece0c65-52f5-49b3-9d91-c43c07fc4ad0</_parentId><_sequence>2</_sequence></item><item><expanded>False</expanded><displayText /><iconURL /><isChecked>False</isChecked><_id>f8b9fe27-5dd0-4273-a5c5-c1229c278c4b</_id><_ancestorId>3ece0c65-52f5-49b3-9d91-c43c07fc4ad0</_ancestorId><_parentId>3ece0c65-52f5-49b3-9d91-c43c07fc4ad0</_parentId><_sequence>2</_sequence></item></_treeNodes><_questions /><_qbFolderId>f8b9fe27-5dd0-4273-a5c5-c1229c278c4b</_qbFolderId><_courseContainerId>8802d09a-5853-4db6-a6a3-97bb3f267f7a</_courseContainerId><_title><![CDATA[Use of Technology]]></_title><_migratedQuestionsFolder>False</_migratedQuestionsFolder></QTIQuestionBankFolder>