﻿<?xml version="1.0" encoding="utf-8"?><QTIQuestionBankFolder><_questionReferences /><_treeNodes><item><expanded>False</expanded><displayText /><iconURL /><isChecked>False</isChecked><_id>630d8e52-5ae1-44bb-821f-10595d5db1ec</_id><_ancestorId>8802d09a-5853-4db6-a6a3-97bb3f267f7a</_ancestorId><_parentId>8802d09a-5853-4db6-a6a3-97bb3f267f7a</_parentId><_sequence>2</_sequence></item></_treeNodes><_questions /><_qbFolderId>630d8e52-5ae1-44bb-821f-10595d5db1ec</_qbFolderId><_courseContainerId>8802d09a-5853-4db6-a6a3-97bb3f267f7a</_courseContainerId><_title><![CDATA[NucE 497I - Quiz #2]]></_title><_migratedQuestionsFolder>False</_migratedQuestionsFolder></QTIQuestionBankFolder>