T,id,x,y,z
888.333,0,0,0,0
890.245,0.1001,0,0.1001,0
892.158,0.2002,0,0.2002,0
894.071,0.3003,0,0.3003,0
895.983,0.4004,0,0.4004,0
897.896,0.500501,0,0.500501,0
899.809,0.600601,0,0.600601,0
901.721,0.700701,0,0.700701,0
903.634,0.800801,0,0.800801,0
905.547,0.900901,0,0.900901,0
907.465,1.001,0,1.001,0
909.904,1.1011,0,1.1011,0
912.344,1.2012,0,1.2012,0
914.783,1.3013,0,1.3013,0
917.223,1.4014,0,1.4014,0
919.662,1.5015,0,1.5015,0
922.102,1.6016,0,1.6016,0
924.541,1.7017,0,1.7017,0
926.981,1.8018,0,1.8018,0
929.42,1.9019,0,1.9019,0
931.858,2.002,0,2.002,0
934.204,2.1021,0,2.1021,0
936.551,2.2022,0,2.2022,0
938.898,2.3023,0,2.3023,0
941.245,2.4024,0,2.4024,0
943.592,2.5025,0,2.5025,0
945.938,2.6026,0,2.6026,0
948.285,2.7027,0,2.7027,0
950.632,2.8028,0,2.8028,0
952.979,2.9029,0,2.9029,0
955.325,3.003,0,3.003,0
957.657,3.1031,0,3.1031,0
959.988,3.2032,0,3.2032,0
962.32,3.3033,0,3.3033,0
964.651,3.4034,0,3.4034,0
966.982,3.5035,0,3.5035,0
969.314,3.6036,0,3.6036,0
971.645,3.7037,0,3.7037,0
973.977,3.8038,0,3.8038,0
976.308,3.9039,0,3.9039,0
978.639,4.004,0,4.004,0
980.944,4.1041,0,4.1041,0
983.249,4.2042,0,4.2042,0
985.554,4.3043,0,4.3043,0
987.859,4.4044,0,4.4044,0
990.164,4.5045,0,4.5045,0
992.469,4.6046,0,4.6046,0
994.774,4.7047,0,4.7047,0
997.079,4.8048,0,4.8048,0
999.384,4.9049,0,4.9049,0
1001.69,5.00501,0,5.00501,0
1003.97,5.10511,0,5.10511,0
1006.24,5.20521,0,5.20521,0
1008.52,5.30531,0,5.30531,0
1010.8,5.40541,0,5.40541,0
1013.08,5.50551,0,5.50551,0
1015.36,5.60561,0,5.60561,0
1017.64,5.70571,0,5.70571,0
1019.92,5.80581,0,5.80581,0
1022.19,5.90591,0,5.90591,0
1024.47,6.00601,0,6.00601,0
1026.72,6.10611,0,6.10611,0
1028.97,6.20621,0,6.20621,0
1031.22,6.30631,0,6.30631,0
1033.47,6.40641,0,6.40641,0
1035.72,6.50651,0,6.50651,0
1037.97,6.60661,0,6.60661,0
1040.22,6.70671,0,6.70671,0
1042.47,6.80681,0,6.80681,0
1044.72,6.90691,0,6.90691,0
1046.97,7.00701,0,7.00701,0
1049.19,7.10711,0,7.10711,0
1051.41,7.20721,0,7.20721,0
1053.64,7.30731,0,7.30731,0
1055.86,7.40741,0,7.40741,0
1058.08,7.50751,0,7.50751,0
1060.3,7.60761,0,7.60761,0
1062.52,7.70771,0,7.70771,0
1064.74,7.80781,0,7.80781,0
1066.96,7.90791,0,7.90791,0
1069.18,8.00801,0,8.00801,0
1071.37,8.10811,0,8.10811,0
1073.56,8.20821,0,8.20821,0
1075.75,8.30831,0,8.30831,0
1077.94,8.40841,0,8.40841,0
1080.13,8.50851,0,8.50851,0
1082.32,8.60861,0,8.60861,0
1084.51,8.70871,0,8.70871,0
1086.71,8.80881,0,8.80881,0
1088.9,8.90891,0,8.90891,0
1091.08,9.00901,0,9.00901,0
1093.24,9.10911,0,9.10911,0
1095.4,9.20921,0,9.20921,0
1097.56,9.30931,0,9.30931,0
1099.72,9.40941,0,9.40941,0
1101.88,9.50951,0,9.50951,0
1104.04,9.60961,0,9.60961,0
1106.19,9.70971,0,9.70971,0
1108.35,9.80981,0,9.80981,0
1110.51,9.90991,0,9.90991,0
1112.67,10.01,0,10.01,0
1114.79,10.1101,0,10.1101,0
1116.92,10.2102,0,10.2102,0
1119.04,10.3103,0,10.3103,0
1121.17,10.4104,0,10.4104,0
1123.29,10.5105,0,10.5105,0
1125.42,10.6106,0,10.6106,0
1127.55,10.7107,0,10.7107,0
1129.67,10.8108,0,10.8108,0
1131.8,10.9109,0,10.9109,0
1133.92,11.011,0,11.011,0
1136.01,11.1111,0,11.1111,0
1138.1,11.2112,0,11.2112,0
1140.19,11.3113,0,11.3113,0
1142.28,11.4114,0,11.4114,0
1144.37,11.5115,0,11.5115,0
1146.47,11.6116,0,11.6116,0
1148.56,11.7117,0,11.7117,0
1150.65,11.8118,0,11.8118,0
1152.74,11.9119,0,11.9119,0
1154.83,12.012,0,12.012,0
1156.88,12.1121,0,12.1121,0
1158.94,12.2122,0,12.2122,0
1160.99,12.3123,0,12.3123,0
1163.05,12.4124,0,12.4124,0
1165.1,12.5125,0,12.5125,0
1167.16,12.6126,0,12.6126,0
1169.22,12.7127,0,12.7127,0
1171.27,12.8128,0,12.8128,0
1173.33,12.9129,0,12.9129,0
1175.38,13.013,0,13.013,0
1177.4,13.1131,0,13.1131,0
1179.42,13.2132,0,13.2132,0
1181.43,13.3133,0,13.3133,0
1183.45,13.4134,0,13.4134,0
1185.47,13.5135,0,13.5135,0
1187.49,13.6136,0,13.6136,0
1189.51,13.7137,0,13.7137,0
1191.53,13.8138,0,13.8138,0
1193.55,13.9139,0,13.9139,0
1195.56,14.014,0,14.014,0
1197.54,14.1141,0,14.1141,0
1199.52,14.2142,0,14.2142,0
1201.5,14.3143,0,14.3143,0
1203.49,14.4144,0,14.4144,0
1205.47,14.5145,0,14.5145,0
1207.45,14.6146,0,14.6146,0
1209.43,14.7147,0,14.7147,0
1211.41,14.8148,0,14.8148,0
1213.39,14.9149,0,14.9149,0
1215.37,15.015,0,15.015,0
1217.31,15.1151,0,15.1151,0
1219.25,15.2152,0,15.2152,0
1221.19,15.3153,0,15.3153,0
1223.13,15.4154,0,15.4154,0
1225.08,15.5155,0,15.5155,0
1227.02,15.6156,0,15.6156,0
1228.96,15.7157,0,15.7157,0
1230.9,15.8158,0,15.8158,0
1232.84,15.9159,0,15.9159,0
1234.78,16.016,0,16.016,0
1236.68,16.1161,0,16.1161,0
1238.58,16.2162,0,16.2162,0
1240.49,16.3163,0,16.3163,0
1242.39,16.4164,0,16.4164,0
1244.29,16.5165,0,16.5165,0
1246.19,16.6166,0,16.6166,0
1248.09,16.7167,0,16.7167,0
1250,16.8168,0,16.8168,0
1251.9,16.9169,0,16.9169,0
1253.79,17.017,0,17.017,0
1255.65,17.1171,0,17.1171,0
1257.51,17.2172,0,17.2172,0
1259.37,17.3173,0,17.3173,0
1261.24,17.4174,0,17.4174,0
1263.1,17.5175,0,17.5175,0
1264.96,17.6176,0,17.6176,0
1266.82,17.7177,0,17.7177,0
1268.68,17.8178,0,17.8178,0
1270.54,17.9179,0,17.9179,0
1272.39,18.018,0,18.018,0
1274.21,18.1181,0,18.1181,0
1276.03,18.2182,0,18.2182,0
1277.85,18.3183,0,18.3183,0
1279.66,18.4184,0,18.4184,0
1281.48,18.5185,0,18.5185,0
1283.3,18.6186,0,18.6186,0
1285.12,18.7187,0,18.7187,0
1286.94,18.8188,0,18.8188,0
1288.76,18.9189,0,18.9189,0
1290.57,19.019,0,19.019,0
1292.34,19.1191,0,19.1191,0
1294.12,19.2192,0,19.2192,0
1295.89,19.3193,0,19.3193,0
1297.67,19.4194,0,19.4194,0
1299.44,19.5195,0,19.5195,0
1301.22,19.6196,0,19.6196,0
1302.99,19.7197,0,19.7197,0
1304.77,19.8198,0,19.8198,0
1306.54,19.9199,0,19.9199,0
1308.31,20.02,0,20.02,0
1310.04,20.1201,0,20.1201,0
1311.77,20.2202,0,20.2202,0
1313.5,20.3203,0,20.3203,0
1315.23,20.4204,0,20.4204,0
1316.96,20.5205,0,20.5205,0
1318.69,20.6206,0,20.6206,0
1320.42,20.7207,0,20.7207,0
1322.15,20.8208,0,20.8208,0
1323.88,20.9209,0,20.9209,0
1325.6,21.021,0,21.021,0
1327.29,21.1211,0,21.1211,0
1328.98,21.2212,0,21.2212,0
1330.66,21.3213,0,21.3213,0
1332.35,21.4214,0,21.4214,0
1334.03,21.5215,0,21.5215,0
1335.72,21.6216,0,21.6216,0
1337.4,21.7217,0,21.7217,0
1339.09,21.8218,0,21.8218,0
1340.77,21.9219,0,21.9219,0
1342.45,22.022,0,22.022,0
1344.09,22.1221,0,22.1221,0
1345.72,22.2222,0,22.2222,0
1347.36,22.3223,0,22.3223,0
1349,22.4224,0,22.4224,0
1350.64,22.5225,0,22.5225,0
1352.28,22.6226,0,22.6226,0
1353.92,22.7227,0,22.7227,0
1355.56,22.8228,0,22.8228,0
1357.2,22.9229,0,22.9229,0
1358.83,23.023,0,23.023,0
1360.42,23.1231,0,23.1231,0
1362.01,23.2232,0,23.2232,0
1363.6,23.3233,0,23.3233,0
1365.19,23.4234,0,23.4234,0
1366.78,23.5235,0,23.5235,0
1368.37,23.6236,0,23.6236,0
1369.97,23.7237,0,23.7237,0
1371.56,23.8238,0,23.8238,0
1373.15,23.9239,0,23.9239,0
1374.73,24.024,0,24.024,0
1376.27,24.1241,0,24.1241,0
1377.82,24.2242,0,24.2242,0
1379.36,24.3243,0,24.3243,0
1380.9,24.4244,0,24.4244,0
1382.45,24.5245,0,24.5245,0
1383.99,24.6246,0,24.6246,0
1385.53,24.7247,0,24.7247,0
1387.08,24.8248,0,24.8248,0
1388.62,24.9249,0,24.9249,0
1390.15,25.025,0,25.025,0
1391.65,25.1251,0,25.1251,0
1393.14,25.2252,0,25.2252,0
1394.63,25.3253,0,25.3253,0
1396.13,25.4254,0,25.4254,0
1397.62,25.5255,0,25.5255,0
1399.12,25.6256,0,25.6256,0
1400.61,25.7257,0,25.7257,0
1402.11,25.8258,0,25.8258,0
1403.6,25.9259,0,25.9259,0
1405.08,26.026,0,26.026,0
1406.53,26.1261,0,26.1261,0
1407.97,26.2262,0,26.2262,0
1409.42,26.3263,0,26.3263,0
1410.86,26.4264,0,26.4264,0
1412.3,26.5265,0,26.5265,0
1413.75,26.6266,0,26.6266,0
1415.19,26.7267,0,26.7267,0
1416.64,26.8268,0,26.8268,0
1418.08,26.9269,0,26.9269,0
1419.51,27.027,0,27.027,0
1420.91,27.1271,0,27.1271,0
1422.3,27.2272,0,27.2272,0
1423.69,27.3273,0,27.3273,0
1425.09,27.4274,0,27.4274,0
1426.48,27.5275,0,27.5275,0
1427.87,27.6276,0,27.6276,0
1429.27,27.7277,0,27.7277,0
1430.66,27.8278,0,27.8278,0
1432.05,27.9279,0,27.9279,0
1433.43,28.028,0,28.028,0
1434.78,28.1281,0,28.1281,0
1436.12,28.2282,0,28.2282,0
1437.46,28.3283,0,28.3283,0
1438.8,28.4284,0,28.4284,0
1440.14,28.5285,0,28.5285,0
1441.49,28.6286,0,28.6286,0
1442.83,28.7287,0,28.7287,0
1444.17,28.8288,0,28.8288,0
1445.51,28.9289,0,28.9289,0
1446.84,29.029,0,29.029,0
1448.13,29.1291,0,29.1291,0
1449.42,29.2292,0,29.2292,0
1450.71,29.3293,0,29.3293,0
1452,29.4294,0,29.4294,0
1453.29,29.5295,0,29.5295,0
1454.58,29.6296,0,29.6296,0
1455.87,29.7297,0,29.7297,0
1457.15,29.8298,0,29.8298,0
1458.44,29.9299,0,29.9299,0
1459.72,30.03,0,30.03,0
1460.95,30.1301,0,30.1301,0
1462.19,30.2302,0,30.2302,0
1463.43,30.3303,0,30.3303,0
1464.66,30.4304,0,30.4304,0
1465.9,30.5305,0,30.5305,0
1467.14,30.6306,0,30.6306,0
1468.37,30.7307,0,30.7307,0
1469.61,30.8308,0,30.8308,0
1470.85,30.9309,0,30.9309,0
1472.07,31.031,0,31.031,0
1473.25,31.1311,0,31.1311,0
1474.43,31.2312,0,31.2312,0
1475.61,31.3313,0,31.3313,0
1476.8,31.4314,0,31.4314,0
1477.98,31.5315,0,31.5315,0
1479.16,31.6316,0,31.6316,0
1480.35,31.7317,0,31.7317,0
1481.53,31.8318,0,31.8318,0
1482.71,31.9319,0,31.9319,0
1483.88,32.032,0,32.032,0
1485,32.1321,0,32.1321,0
1486.13,32.2322,0,32.2322,0
1487.26,32.3323,0,32.3323,0
1488.39,32.4324,0,32.4324,0
1489.52,32.5325,0,32.5325,0
1490.65,32.6326,0,32.6326,0
1491.77,32.7327,0,32.7327,0
1492.9,32.8328,0,32.8328,0
1494.03,32.9329,0,32.9329,0
1495.14,33.033,0,33.033,0
1496.21,33.1331,0,33.1331,0
1497.29,33.2332,0,33.2332,0
1498.36,33.3333,0,33.3333,0
1499.43,33.4334,0,33.4334,0
1500.51,33.5335,0,33.5335,0
1501.58,33.6336,0,33.6336,0
1502.65,33.7337,0,33.7337,0
1503.72,33.8338,0,33.8338,0
1504.8,33.9339,0,33.9339,0
1505.85,34.034,0,34.034,0
1506.87,34.1341,0,34.1341,0
1507.89,34.2342,0,34.2342,0
1508.9,34.3343,0,34.3343,0
1509.92,34.4344,0,34.4344,0
1510.94,34.5345,0,34.5345,0
1511.96,34.6346,0,34.6346,0
1512.97,34.7347,0,34.7347,0
1513.99,34.8348,0,34.8348,0
1515.01,34.9349,0,34.9349,0
1516,35.035,0,35.035,0
1516.97,35.1351,0,35.1351,0
1517.93,35.2352,0,35.2352,0
1518.89,35.3353,0,35.3353,0
1519.85,35.4354,0,35.4354,0
1520.81,35.5355,0,35.5355,0
1521.77,35.6356,0,35.6356,0
1522.73,35.7357,0,35.7357,0
1523.69,35.8358,0,35.8358,0
1524.65,35.9359,0,35.9359,0
1525.59,36.036,0,36.036,0
1526.5,36.1361,0,36.1361,0
1527.4,36.2362,0,36.2362,0
1528.31,36.3363,0,36.3363,0
1529.21,36.4364,0,36.4364,0
1530.11,36.5365,0,36.5365,0
1531.02,36.6366,0,36.6366,0
1531.92,36.7367,0,36.7367,0
1532.83,36.8368,0,36.8368,0
1533.73,36.9369,0,36.9369,0
1534.61,37.037,0,37.037,0
1535.46,37.1371,0,37.1371,0
1536.31,37.2372,0,37.2372,0
1537.15,37.3373,0,37.3373,0
1538,37.4374,0,37.4374,0
1538.85,37.5375,0,37.5375,0
1539.69,37.6376,0,37.6376,0
1540.54,37.7377,0,37.7377,0
1541.39,37.8378,0,37.8378,0
1542.23,37.9379,0,37.9379,0
1543.06,38.038,0,38.038,0
1543.85,38.1381,0,38.1381,0
1544.63,38.2382,0,38.2382,0
1545.42,38.3383,0,38.3383,0
1546.21,38.4384,0,38.4384,0
1547,38.5385,0,38.5385,0
1547.79,38.6386,0,38.6386,0
1548.58,38.7387,0,38.7387,0
1549.37,38.8388,0,38.8388,0
1550.15,38.9389,0,38.9389,0
1550.92,39.039,0,39.039,0
1551.65,39.1391,0,39.1391,0
1552.38,39.2392,0,39.2392,0
1553.11,39.3393,0,39.3393,0
1553.84,39.4394,0,39.4394,0
1554.57,39.5395,0,39.5395,0
1555.3,39.6396,0,39.6396,0
1556.03,39.7397,0,39.7397,0
1556.76,39.8398,0,39.8398,0
1557.49,39.9399,0,39.9399,0
1558.2,40.04,0,40.04,0
1558.87,40.1401,0,40.1401,0
1559.54,40.2402,0,40.2402,0
1560.22,40.3403,0,40.3403,0
1560.89,40.4404,0,40.4404,0
1561.56,40.5405,0,40.5405,0
1562.23,40.6406,0,40.6406,0
1562.9,40.7407,0,40.7407,0
1563.57,40.8408,0,40.8408,0
1564.24,40.9409,0,40.9409,0
1564.89,41.041,0,41.041,0
1565.5,41.1411,0,41.1411,0
1566.12,41.2412,0,41.2412,0
1566.73,41.3413,0,41.3413,0
1567.34,41.4414,0,41.4414,0
1567.95,41.5415,0,41.5415,0
1568.57,41.6416,0,41.6416,0
1569.18,41.7417,0,41.7417,0
1569.79,41.8418,0,41.8418,0
1570.4,41.9419,0,41.9419,0
1570.99,42.042,0,42.042,0
1571.54,42.1421,0,42.1421,0
1572.1,42.2422,0,42.2422,0
1572.65,42.3423,0,42.3423,0
1573.2,42.4424,0,42.4424,0
1573.75,42.5425,0,42.5425,0
1574.31,42.6426,0,42.6426,0
1574.86,42.7427,0,42.7427,0
1575.41,42.8428,0,42.8428,0
1575.97,42.9429,0,42.9429,0
1576.49,43.043,0,43.043,0
1576.99,43.1431,0,43.1431,0
1577.48,43.2432,0,43.2432,0
1577.97,43.3433,0,43.3433,0
1578.46,43.4434,0,43.4434,0
1578.96,43.5435,0,43.5435,0
1579.45,43.6436,0,43.6436,0
1579.94,43.7437,0,43.7437,0
1580.44,43.8438,0,43.8438,0
1580.93,43.9439,0,43.9439,0
1581.4,44.044,0,44.044,0
1581.83,44.1441,0,44.1441,0
1582.26,44.2442,0,44.2442,0
1582.69,44.3443,0,44.3443,0
1583.13,44.4444,0,44.4444,0
1583.56,44.5445,0,44.5445,0
1583.99,44.6446,0,44.6446,0
1584.43,44.7447,0,44.7447,0
1584.86,44.8448,0,44.8448,0
1585.29,44.9449,0,44.9449,0
1585.7,45.045,0,45.045,0
1586.07,45.1451,0,45.1451,0
1586.44,45.2452,0,45.2452,0
1586.81,45.3453,0,45.3453,0
1587.19,45.4454,0,45.4454,0
1587.56,45.5455,0,45.5455,0
1587.93,45.6456,0,45.6456,0
1588.3,45.7457,0,45.7457,0
1588.68,45.8458,0,45.8458,0
1589.05,45.9459,0,45.9459,0
1589.39,46.046,0,46.046,0
1589.71,46.1461,0,46.1461,0
1590.02,46.2462,0,46.2462,0
1590.33,46.3463,0,46.3463,0
1590.64,46.4464,0,46.4464,0
1590.95,46.5465,0,46.5465,0
1591.27,46.6466,0,46.6466,0
1591.58,46.7467,0,46.7467,0
1591.89,46.8468,0,46.8468,0
1592.2,46.9469,0,46.9469,0
1592.48,47.047,0,47.047,0
1592.74,47.1471,0,47.1471,0
1592.99,47.2472,0,47.2472,0
1593.24,47.3473,0,47.3473,0
1593.49,47.4474,0,47.4474,0
1593.74,47.5475,0,47.5475,0
1593.99,47.6476,0,47.6476,0
1594.24,47.7477,0,47.7477,0
1594.49,47.8478,0,47.8478,0
1594.74,47.9479,0,47.9479,0
1594.97,48.048,0,48.048,0
1595.16,48.1481,0,48.1481,0
1595.35,48.2482,0,48.2482,0
1595.54,48.3483,0,48.3483,0
1595.73,48.4484,0,48.4484,0
1595.92,48.5485,0,48.5485,0
1596.11,48.6486,0,48.6486,0
1596.3,48.7487,0,48.7487,0
1596.49,48.8488,0,48.8488,0
1596.68,48.9489,0,48.9489,0
1596.84,49.049,0,49.049,0
1596.97,49.1491,0,49.1491,0
1597.1,49.2492,0,49.2492,0
1597.23,49.3493,0,49.3493,0
1597.35,49.4494,0,49.4494,0
1597.48,49.5495,0,49.5495,0
1597.61,49.6496,0,49.6496,0
1597.74,49.7497,0,49.7497,0
1597.87,49.8498,0,49.8498,0
1598,49.9499,0,49.9499,0
1598.1,50.0501,0,50.0501,0
1598.17,50.1502,0,50.1502,0
1598.23,50.2503,0,50.2503,0
1598.3,50.3504,0,50.3504,0
1598.37,50.4505,0,50.4505,0
1598.44,50.5506,0,50.5506,0
1598.51,50.6507,0,50.6507,0
1598.58,50.7508,0,50.7508,0
1598.64,50.8509,0,50.8509,0
1598.71,50.951,0,50.951,0
1598.75,51.0511,0,51.0511,0
1598.75,51.1512,0,51.1512,0
1598.76,51.2513,0,51.2513,0
1598.77,51.3514,0,51.3514,0
1598.78,51.4515,0,51.4515,0
1598.78,51.5516,0,51.5516,0
1598.79,51.6517,0,51.6517,0
1598.8,51.7518,0,51.7518,0
1598.8,51.8519,0,51.8519,0
1598.81,51.952,0,51.952,0
1598.79,52.0521,0,52.0521,0
1598.73,52.1522,0,52.1522,0
1598.68,52.2523,0,52.2523,0
1598.62,52.3524,0,52.3524,0
1598.57,52.4525,0,52.4525,0
1598.51,52.5526,0,52.5526,0
1598.46,52.6527,0,52.6527,0
1598.41,52.7528,0,52.7528,0
1598.35,52.8529,0,52.8529,0
1598.3,52.953,0,52.953,0
1598.21,53.0531,0,53.0531,0
1598.1,53.1532,0,53.1532,0
1597.98,53.2533,0,53.2533,0
1597.86,53.3534,0,53.3534,0
1597.75,53.4535,0,53.4535,0
1597.63,53.5536,0,53.5536,0
1597.52,53.6537,0,53.6537,0
1597.4,53.7538,0,53.7538,0
1597.29,53.8539,0,53.8539,0
1597.17,53.954,0,53.954,0
1597.02,54.0541,0,54.0541,0
1596.85,54.1542,0,54.1542,0
1596.67,54.2543,0,54.2543,0
1596.49,54.3544,0,54.3544,0
1596.32,54.4545,0,54.4545,0
1596.14,54.5546,0,54.5546,0
1595.97,54.6547,0,54.6547,0
1595.79,54.7548,0,54.7548,0
1595.61,54.8549,0,54.8549,0
1595.44,54.955,0,54.955,0
1595.23,55.0551,0,55.0551,0
1594.99,55.1552,0,55.1552,0
1594.75,55.2553,0,55.2553,0
1594.51,55.3554,0,55.3554,0
1594.28,55.4555,0,55.4555,0
1594.04,55.5556,0,55.5556,0
1593.8,55.6557,0,55.6557,0
1593.56,55.7558,0,55.7558,0
1593.33,55.8559,0,55.8559,0
1593.09,55.956,0,55.956,0
1592.82,56.0561,0,56.0561,0
1592.52,56.1562,0,56.1562,0
1592.22,56.2563,0,56.2563,0
1591.92,56.3564,0,56.3564,0
1591.63,56.4565,0,56.4565,0
1591.33,56.5566,0,56.5566,0
1591.03,56.6567,0,56.6567,0
1590.73,56.7568,0,56.7568,0
1590.43,56.8569,0,56.8569,0
1590.14,56.957,0,56.957,0
1589.8,57.0571,0,57.0571,0
1589.44,57.1572,0,57.1572,0
1589.08,57.2573,0,57.2573,0
1588.73,57.3574,0,57.3574,0
1588.37,57.4575,0,57.4575,0
1588.01,57.5576,0,57.5576,0
1587.65,57.6577,0,57.6577,0
1587.29,57.7578,0,57.7578,0
1586.93,57.8579,0,57.8579,0
1586.57,57.958,0,57.958,0
1586.18,58.0581,0,58.0581,0
1585.76,58.1582,0,58.1582,0
1585.34,58.2583,0,58.2583,0
1584.92,58.3584,0,58.3584,0
1584.5,58.4585,0,58.4585,0
1584.08,58.5586,0,58.5586,0
1583.66,58.6587,0,58.6587,0
1583.24,58.7588,0,58.7588,0
1582.83,58.8589,0,58.8589,0
1582.41,58.959,0,58.959,0
1581.95,59.0591,0,59.0591,0
1581.47,59.1592,0,59.1592,0
1580.99,59.2593,0,59.2593,0
1580.51,59.3594,0,59.3594,0
1580.03,59.4595,0,59.4595,0
1579.55,59.5596,0,59.5596,0
1579.07,59.6597,0,59.6597,0
1578.6,59.7598,0,59.7598,0
1578.12,59.8599,0,59.8599,0
1577.64,59.96,0,59.96,0
1577.12,60.0601,0,60.0601,0
1576.58,60.1602,0,60.1602,0
1576.04,60.2603,0,60.2603,0
1575.5,60.3604,0,60.3604,0
1574.96,60.4605,0,60.4605,0
1574.42,60.5606,0,60.5606,0
1573.89,60.6607,0,60.6607,0
1573.35,60.7608,0,60.7608,0
1572.81,60.8609,0,60.8609,0
1572.27,60.961,0,60.961,0
1571.69,61.0611,0,61.0611,0
1571.09,61.1612,0,61.1612,0
1570.49,61.2613,0,61.2613,0
1569.89,61.3614,0,61.3614,0
1569.3,61.4615,0,61.4615,0
1568.7,61.5616,0,61.5616,0
1568.1,61.6617,0,61.6617,0
1567.5,61.7618,0,61.7618,0
1566.9,61.8619,0,61.8619,0
1566.3,61.962,0,61.962,0
1565.67,62.0621,0,62.0621,0
1565.01,62.1622,0,62.1622,0
1564.35,62.2623,0,62.2623,0
1563.69,62.3624,0,62.3624,0
1563.03,62.4625,0,62.4625,0
1562.37,62.5626,0,62.5626,0
1561.72,62.6627,0,62.6627,0
1561.06,62.7628,0,62.7628,0
1560.4,62.8629,0,62.8629,0
1559.74,62.963,0,62.963,0
1559.05,63.0631,0,63.0631,0
1558.33,63.1632,0,63.1632,0
1557.61,63.2633,0,63.2633,0
1556.89,63.3634,0,63.3634,0
1556.18,63.4635,0,63.4635,0
1555.46,63.5636,0,63.5636,0
1554.74,63.6637,0,63.6637,0
1554.03,63.7638,0,63.7638,0
1553.31,63.8639,0,63.8639,0
1552.59,63.964,0,63.964,0
1551.84,64.0641,0,64.0641,0
1551.06,64.1642,0,64.1642,0
1550.29,64.2643,0,64.2643,0
1549.51,64.3644,0,64.3644,0
1548.74,64.4645,0,64.4645,0
1547.96,64.5646,0,64.5646,0
1547.18,64.6647,0,64.6647,0
1546.41,64.7648,0,64.7648,0
1545.63,64.8649,0,64.8649,0
1544.86,64.965,0,64.965,0
1544.04,65.0651,0,65.0651,0
1543.21,65.1652,0,65.1652,0
1542.38,65.2653,0,65.2653,0
1541.54,65.3654,0,65.3654,0
1540.71,65.4655,0,65.4655,0
1539.88,65.5656,0,65.5656,0
1539.04,65.6657,0,65.6657,0
1538.21,65.7658,0,65.7658,0
1537.38,65.8659,0,65.8659,0
1536.54,65.966,0,65.966,0
1535.67,66.0661,0,66.0661,0
1534.78,66.1662,0,66.1662,0
1533.89,66.2663,0,66.2663,0
1533,66.3664,0,66.3664,0
1532.11,66.4665,0,66.4665,0
1531.22,66.5666,0,66.5666,0
1530.32,66.6667,0,66.6667,0
1529.43,66.7668,0,66.7668,0
1528.54,66.8669,0,66.8669,0
1527.65,66.967,0,66.967,0
1526.72,67.0671,0,67.0671,0
1525.77,67.1672,0,67.1672,0
1524.83,67.2673,0,67.2673,0
1523.88,67.3674,0,67.3674,0
1522.93,67.4675,0,67.4675,0
1521.98,67.5676,0,67.5676,0
1521.03,67.6677,0,67.6677,0
1520.08,67.7678,0,67.7678,0
1519.14,67.8679,0,67.8679,0
1518.19,67.968,0,67.968,0
1517.2,68.0681,0,68.0681,0
1516.2,68.1682,0,68.1682,0
1515.19,68.2683,0,68.2683,0
1514.19,68.3684,0,68.3684,0
1513.18,68.4685,0,68.4685,0
1512.18,68.5686,0,68.5686,0
1511.17,68.6687,0,68.6687,0
1510.17,68.7688,0,68.7688,0
1509.17,68.8689,0,68.8689,0
1508.16,68.969,0,68.969,0
1507.12,69.0691,0,69.0691,0
1506.06,69.1692,0,69.1692,0
1505,69.2693,0,69.2693,0
1503.94,69.3694,0,69.3694,0
1502.88,69.4695,0,69.4695,0
1501.81,69.5696,0,69.5696,0
1500.75,69.6697,0,69.6697,0
1499.69,69.7698,0,69.7698,0
1498.63,69.8699,0,69.8699,0
1497.57,69.97,0,69.97,0
1496.47,70.0701,0,70.0701,0
1495.36,70.1702,0,70.1702,0
1494.24,70.2703,0,70.2703,0
1493.13,70.3704,0,70.3704,0
1492.01,70.4705,0,70.4705,0
1490.89,70.5706,0,70.5706,0
1489.78,70.6707,0,70.6707,0
1488.66,70.7708,0,70.7708,0
1487.55,70.8709,0,70.8709,0
1486.43,70.971,0,70.971,0
1485.28,71.0711,0,71.0711,0
1484.11,71.1712,0,71.1712,0
1482.94,71.2713,0,71.2713,0
1481.77,71.3714,0,71.3714,0
1480.59,71.4715,0,71.4715,0
1479.42,71.5716,0,71.5716,0
1478.25,71.6717,0,71.6717,0
1477.08,71.7718,0,71.7718,0
1475.91,71.8719,0,71.8719,0
1474.74,71.972,0,71.972,0
1473.53,72.0721,0,72.0721,0
1472.31,72.1722,0,72.1722,0
1471.08,72.2723,0,72.2723,0
1469.86,72.3724,0,72.3724,0
1468.64,72.4725,0,72.4725,0
1467.41,72.5726,0,72.5726,0
1466.19,72.6727,0,72.6727,0
1464.96,72.7728,0,72.7728,0
1463.74,72.8729,0,72.8729,0
1462.51,72.973,0,72.973,0
1461.25,73.0731,0,73.0731,0
1459.97,73.1732,0,73.1732,0
1458.69,73.2733,0,73.2733,0
1457.42,73.3734,0,73.3734,0
1456.14,73.4735,0,73.4735,0
1454.86,73.5736,0,73.5736,0
1453.58,73.6737,0,73.6737,0
1452.31,73.7738,0,73.7738,0
1451.03,73.8739,0,73.8739,0
1449.75,73.974,0,73.974,0
1448.43,74.0741,0,74.0741,0
1447.1,74.1742,0,74.1742,0
1445.77,74.2743,0,74.2743,0
1444.44,74.3744,0,74.3744,0
1443.11,74.4745,0,74.4745,0
1441.78,74.5746,0,74.5746,0
1440.45,74.6747,0,74.6747,0
1439.12,74.7748,0,74.7748,0
1437.79,74.8749,0,74.8749,0
1436.46,74.975,0,74.975,0
1435.09,75.0751,0,75.0751,0
1433.71,75.1752,0,75.1752,0
1432.33,75.2753,0,75.2753,0
1430.95,75.3754,0,75.3754,0
1429.56,75.4755,0,75.4755,0
1428.18,75.5756,0,75.5756,0
1426.8,75.6757,0,75.6757,0
1425.42,75.7758,0,75.7758,0
1424.04,75.8759,0,75.8759,0
1422.65,75.976,0,75.976,0
1421.23,76.0761,0,76.0761,0
1419.8,76.1762,0,76.1762,0
1418.37,76.2763,0,76.2763,0
1416.94,76.3764,0,76.3764,0
1415.5,76.4765,0,76.4765,0
1414.07,76.5766,0,76.5766,0
1412.64,76.6767,0,76.6767,0
1411.2,76.7768,0,76.7768,0
1409.77,76.8769,0,76.8769,0
1408.34,76.977,0,76.977,0
1406.87,77.0771,0,77.0771,0
1405.38,77.1772,0,77.1772,0
1403.9,77.2773,0,77.2773,0
1402.42,77.3774,0,77.3774,0
1400.93,77.4775,0,77.4775,0
1399.45,77.5776,0,77.5776,0
1397.97,77.6777,0,77.6777,0
1396.48,77.7778,0,77.7778,0
1395,77.8779,0,77.8779,0
1393.52,77.978,0,77.978,0
1392,78.0781,0,78.0781,0
1390.46,78.1782,0,78.1782,0
1388.93,78.2783,0,78.2783,0
1387.4,78.3784,0,78.3784,0
1385.87,78.4785,0,78.4785,0
1384.33,78.5786,0,78.5786,0
1382.8,78.6787,0,78.6787,0
1381.27,78.7788,0,78.7788,0
1379.74,78.8789,0,78.8789,0
1378.2,78.979,0,78.979,0
1376.63,79.0791,0,79.0791,0
1375.05,79.1792,0,79.1792,0
1373.47,79.2793,0,79.2793,0
1371.89,79.3794,0,79.3794,0
1370.31,79.4795,0,79.4795,0
1368.73,79.5796,0,79.5796,0
1367.15,79.6797,0,79.6797,0
1365.57,79.7798,0,79.7798,0
1363.99,79.8799,0,79.8799,0
1362.41,79.98,0,79.98,0
1360.79,80.0801,0,80.0801,0
1359.16,80.1802,0,80.1802,0
1357.53,80.2803,0,80.2803,0
1355.9,80.3804,0,80.3804,0
1354.27,80.4805,0,80.4805,0
1352.65,80.5806,0,80.5806,0
1351.02,80.6807,0,80.6807,0
1349.39,80.7808,0,80.7808,0
1347.76,80.8809,0,80.8809,0
1346.13,80.981,0,80.981,0
1344.47,81.0811,0,81.0811,0
1342.79,81.1812,0,81.1812,0
1341.12,81.2813,0,81.2813,0
1339.44,81.3814,0,81.3814,0
1337.77,81.4815,0,81.4815,0
1336.09,81.5816,0,81.5816,0
1334.42,81.6817,0,81.6817,0
1332.74,81.7818,0,81.7818,0
1331.07,81.8819,0,81.8819,0
1329.39,81.982,0,81.982,0
1327.68,82.0821,0,82.0821,0
1325.96,82.1822,0,82.1822,0
1324.24,82.2823,0,82.2823,0
1322.52,82.3824,0,82.3824,0
1320.8,82.4825,0,82.4825,0
1319.08,82.5826,0,82.5826,0
1317.36,82.6827,0,82.6827,0
1315.64,82.7828,0,82.7828,0
1313.92,82.8829,0,82.8829,0
1312.2,82.983,0,82.983,0
1310.44,83.0831,0,83.0831,0
1308.67,83.1832,0,83.1832,0
1306.91,83.2833,0,83.2833,0
1305.14,83.3834,0,83.3834,0
1303.38,83.4835,0,83.4835,0
1301.61,83.5836,0,83.5836,0
1299.85,83.6837,0,83.6837,0
1298.08,83.7838,0,83.7838,0
1296.32,83.8839,0,83.8839,0
1294.55,83.984,0,83.984,0
1292.75,84.0841,0,84.0841,0
1290.94,84.1842,0,84.1842,0
1289.13,84.2843,0,84.2843,0
1287.33,84.3844,0,84.3844,0
1285.52,84.4845,0,84.4845,0
1283.71,84.5846,0,84.5846,0
1281.9,84.6847,0,84.6847,0
1280.09,84.7848,0,84.7848,0
1278.28,84.8849,0,84.8849,0
1276.47,84.985,0,84.985,0
1274.63,85.0851,0,85.0851,0
1272.78,85.1852,0,85.1852,0
1270.93,85.2853,0,85.2853,0
1269.08,85.3854,0,85.3854,0
1267.22,85.4855,0,85.4855,0
1265.37,85.5856,0,85.5856,0
1263.52,85.6857,0,85.6857,0
1261.67,85.7858,0,85.7858,0
1259.82,85.8859,0,85.8859,0
1257.97,85.986,0,85.986,0
1256.08,86.0861,0,86.0861,0
1254.19,86.1862,0,86.1862,0
1252.3,86.2863,0,86.2863,0
1250.4,86.3864,0,86.3864,0
1248.51,86.4865,0,86.4865,0
1246.62,86.5866,0,86.5866,0
1244.73,86.6867,0,86.6867,0
1242.83,86.7868,0,86.7868,0
1240.94,86.8869,0,86.8869,0
1239.05,86.987,0,86.987,0
1237.12,87.0871,0,87.0871,0
1235.19,87.1872,0,87.1872,0
1233.25,87.2873,0,87.2873,0
1231.32,87.3874,0,87.3874,0
1229.39,87.4875,0,87.4875,0
1227.45,87.5876,0,87.5876,0
1225.52,87.6877,0,87.6877,0
1223.59,87.7878,0,87.7878,0
1221.65,87.8879,0,87.8879,0
1219.72,87.988,0,87.988,0
1217.75,88.0881,0,88.0881,0
1215.78,88.1882,0,88.1882,0
1213.81,88.2883,0,88.2883,0
1211.84,88.3884,0,88.3884,0
1209.86,88.4885,0,88.4885,0
1207.89,88.5886,0,88.5886,0
1205.92,88.6887,0,88.6887,0
1203.95,88.7888,0,88.7888,0
1201.98,88.8889,0,88.8889,0
1200,88.989,0,88.989,0
1198,89.0891,0,89.0891,0
1195.99,89.1892,0,89.1892,0
1193.98,89.2893,0,89.2893,0
1191.96,89.3894,0,89.3894,0
1189.95,89.4895,0,89.4895,0
1187.94,89.5896,0,89.5896,0
1185.93,89.6897,0,89.6897,0
1183.92,89.7898,0,89.7898,0
1181.91,89.8899,0,89.8899,0
1179.9,89.99,0,89.99,0
1177.86,90.0901,0,90.0901,0
1175.81,90.1902,0,90.1902,0
1173.76,90.2903,0,90.2903,0
1171.72,90.3904,0,90.3904,0
1169.67,90.4905,0,90.4905,0
1167.62,90.5906,0,90.5906,0
1165.57,90.6907,0,90.6907,0
1163.53,90.7908,0,90.7908,0
1161.48,90.8909,0,90.8909,0
1159.43,90.991,0,90.991,0
1157.35,91.0911,0,91.0911,0
1155.27,91.1912,0,91.1912,0
1153.18,91.2913,0,91.2913,0
1151.1,91.3914,0,91.3914,0
1149.02,91.4915,0,91.4915,0
1146.93,91.5916,0,91.5916,0
1144.85,91.6917,0,91.6917,0
1142.77,91.7918,0,91.7918,0
1140.68,91.8919,0,91.8919,0
1138.6,91.992,0,91.992,0
1136.49,92.0921,0,92.0921,0
1134.37,92.1922,0,92.1922,0
1132.25,92.2923,0,92.2923,0
1130.13,92.3924,0,92.3924,0
1128.01,92.4925,0,92.4925,0
1125.9,92.5926,0,92.5926,0
1123.78,92.6927,0,92.6927,0
1121.66,92.7928,0,92.7928,0
1119.54,92.8929,0,92.8929,0
1117.43,92.993,0,92.993,0
1115.28,93.0931,0,93.0931,0
1113.12,93.1932,0,93.1932,0
1110.97,93.2933,0,93.2933,0
1108.82,93.3934,0,93.3934,0
1106.67,93.4935,0,93.4935,0
1104.52,93.5936,0,93.5936,0
1102.37,93.6937,0,93.6937,0
1100.22,93.7938,0,93.7938,0
1098.07,93.8939,0,93.8939,0
1095.91,93.994,0,93.994,0
1093.73,94.0941,0,94.0941,0
1091.55,94.1942,0,94.1942,0
1089.37,94.2943,0,94.2943,0
1087.18,94.3944,0,94.3944,0
1085,94.4945,0,94.4945,0
1082.82,94.5946,0,94.5946,0
1080.63,94.6947,0,94.6947,0
1078.45,94.7948,0,94.7948,0
1076.27,94.8949,0,94.8949,0
1074.08,94.995,0,94.995,0
1071.87,95.0951,0,95.0951,0
1069.66,95.1952,0,95.1952,0
1067.44,95.2953,0,95.2953,0
1065.23,95.3954,0,95.3954,0
1063.01,95.4955,0,95.4955,0
1060.8,95.5956,0,95.5956,0
1058.58,95.6957,0,95.6957,0
1056.37,95.7958,0,95.7958,0
1054.16,95.8959,0,95.8959,0
1051.94,95.996,0,95.996,0
1049.7,96.0961,0,96.0961,0
1047.45,96.1962,0,96.1962,0
1045.21,96.2963,0,96.2963,0
1042.96,96.3964,0,96.3964,0
1040.72,96.4965,0,96.4965,0
1038.47,96.5966,0,96.5966,0
1036.23,96.6967,0,96.6967,0
1033.98,96.7968,0,96.7968,0
1031.74,96.8969,0,96.8969,0
1029.49,96.997,0,96.997,0
1027.23,97.0971,0,97.0971,0
1024.97,97.1972,0,97.1972,0
1022.7,97.2973,0,97.2973,0
1020.44,97.3974,0,97.3974,0
1018.17,97.4975,0,97.4975,0
1015.91,97.5976,0,97.5976,0
1013.64,97.6977,0,97.6977,0
1011.38,97.7978,0,97.7978,0
1009.11,97.8979,0,97.8979,0
1006.85,97.998,0,97.998,0
1004.49,98.0981,0,98.0981,0
1002.13,98.1982,0,98.1982,0
999.774,98.2983,0,98.2983,0
997.414,98.3984,0,98.3984,0
995.055,98.4985,0,98.4985,0
992.696,98.5986,0,98.5986,0
990.336,98.6987,0,98.6987,0
987.977,98.7988,0,98.7988,0
985.618,98.8989,0,98.8989,0
983.259,98.999,0,98.999,0
981.395,99.0991,0,99.0991,0
979.536,99.1992,0,99.1992,0
977.677,99.2993,0,99.2993,0
975.819,99.3994,0,99.3994,0
973.96,99.4995,0,99.4995,0
972.101,99.5996,0,99.5996,0
970.242,99.6997,0,99.6997,0
968.384,99.7998,0,99.7998,0
966.525,99.8999,0,99.8999,0
964.666,100,0,100,0
